            0.300056 0 0 0  0.00029177  0.00189834 5.70391e-05 0 0 0   -0.011 -0.02329  0.04412 0.00314781 0.00970377 0.00143819   0.00144859 -0.000355738    -0.002338 0 0 0  3.28531 0.132643 -9.24152 
            0.400028   0.32036 0.0445569 -0.756978 -0.0235088 -0.0126657 -0.0104276 0 0 0   -0.011 -0.02329  0.04412 -0.000653178    0.0135802 -0.000395879   0.00144849 -0.000355817  -0.00233773 4.54249e-07 2.82716e-07 1.99258e-07  3.28531 0.132643 -9.24152 
            0.499983   0.307533 -0.0653027  -0.816191  -0.0187019  -0.0117682 -0.00752809 0 0 0   -0.011 -0.02329  0.04412 0.0253194 0.0107252 0.0143851  0.00150272 3.57125e-06 -0.00216057 -5.91686e-06   1.1409e-06 -3.66639e-06  3.28531 0.132642 -9.24151 
            0.600018   0.347855 -0.0467621   -1.09888 -0.0193332 -0.0137662 -0.0119214 0 0 0   -0.011 -0.02329  0.04412   0.0144506  0.00527476 -0.00750198   0.00122162 -5.26179e-05  -0.00122578 -0.000363324  0.000104378   0.00126446  3.28523 0.132527 -9.24155 
            0.700047    0.31767 -0.0537869   -0.80868   -0.014738  -0.0180293 -0.00975328 0 0 0   -0.011 -0.02329  0.04412   0.0247473 -0.00517638  0.00132619   0.00130244 -2.79109e-05  -0.00224727 -4.27385e-05   0.00110033 -0.000800739  3.28558  0.13159 -9.24144 
            0.799873   0.281324 -0.0543417  -0.885972 -0.0188468 -0.0147116 -0.0134128 0 0 0   -0.011 -0.02329  0.04412  0.00687085  0.00563001 -0.00977257   0.00131758 -3.73518e-05  -0.00193704   0.00110126 -0.000703424   0.00307859  3.28344 0.133321 -9.24217 
            0.900122   0.335241 -0.0408363  -0.872467 -0.0101306 -0.0130873 -0.0103583 0 0 0   -0.011 -0.02329  0.04412  0.0264942  0.0178977 0.00119343   0.00119952 -7.29729e-05  -0.00209579  -0.00235559 -0.000822979  -0.00163886  3.28783 0.133401 -9.24061 
             1.00004    0.21066 -0.0406889  -0.618039 -0.00581004  -0.0175488 -0.00874042 0 0 0   -0.011 -0.02329  0.04412   0.0320079 -0.00207858  0.00687582   0.00148653 -8.34375e-05  -0.00291462 -0.00262451  0.00547949 -0.00507097  3.28903 0.127359 -9.24027 
             1.09996   0.301641 -0.0174209  -0.788582 -0.0170816 -0.0129599  -0.014547 0 0 0   -0.011 -0.02329  0.04412 -0.00499361   0.0213972  -0.0110468   0.00115768 -0.000152016    -0.002292   0.0109801 -3.1395e-05  0.00422746  3.27464 0.132844  -9.2453 
             1.20005   0.293231 -0.0727818  -0.883052 -0.0112368  -0.014152  -0.012251 0 0 0   -0.011 -0.02329  0.04412   0.0101162  0.00980668 -0.00190257  0.00116141  2.0489e-05 -0.00205509   0.0041445   0.0044987 -0.00181468  3.28227 0.128407 -9.24266 
             1.30008  0.191301 -0.106656 -0.622127 -0.0114449  -0.016032 -0.0117282 0 0 0   -0.011 -0.02329  0.04412  0.00483249   0.0099594 1.45391e-05  0.00137475 0.000106453 -0.00283792  0.00621763  0.00876059 -0.00414535  3.28117 0.124363  -9.2431 
             1.40002   0.258092 -0.0511141  -0.524399 -0.0131913 -0.0128879 -0.0121448 0 0 0   -0.011 -0.02329  0.04412 -0.000634164    0.0149989 -0.000352112   0.00121834 -6.99202e-05  -0.00312665  0.00909306   0.0062159 -0.00392791  3.27866 0.126857 -9.24396 
             1.50006   0.299306 -0.0928198  -0.863181 -0.00358559 -0.00808894 -0.00942496 0 0 0   -0.011 -0.02329  0.04412  0.0221243  0.0247804 0.00584624 0.000949848 6.09087e-05 -0.00214787 -0.00268118  0.00166318 -0.00639468   3.2895  0.13106 -9.24005 
             1.60001    0.30755 -0.0759322  -0.763732 -0.00211433  -0.0109682 -0.00832614 0 0 0   -0.011 -0.02329  0.04412  0.0222119  0.0156865 0.00843348 0.000973872 7.39051e-07 -0.00245526 -0.00152999  0.00845646 -0.00759137  3.28883 0.124556 -9.24038 
             1.70006   0.226465 -0.0747436  -0.671898 -0.00557995   -0.010729 -0.00820402 0 0 0   -0.011 -0.02329  0.04412 0.00650366 0.00807292 0.00723913   0.00112277 -7.21662e-06  -0.00271961  0.00460125   0.0096586 -0.00802387  3.28372 0.123495 -9.24221 
             1.79999   0.272287 -0.0803492  -0.706801 -0.00550226 -0.00967351 -0.00916509 0 0 0   -0.011 -0.02329  0.04412 0.00477912  0.0188931 0.00213235  0.00102656 1.24574e-05 -0.00264218  0.00469651  0.00991633 -0.00544933  3.28286 0.123232 -9.24252 
             1.89999  0.343778  -0.09259 -0.887319 -0.00864215  -0.0118445  -0.0102968 0 0 0   -0.011 -0.02329  0.04412  -0.00254794   0.00291814 -0.000481334 0.000777738 2.54543e-05 -0.00215721  0.00780808   0.0133523 -0.00433696  3.27984 0.119967 -9.24363 
             1.99996   0.215158 -0.0714901  -0.632644 -0.00228676  -0.0127188 -0.00703168 0 0 0   -0.011 -0.02329  0.04412  0.0102302 0.00719882 0.00664204   0.00108983 -2.20778e-05  -0.00284601  0.00290173   0.0143396 -0.00758652  3.28501 0.118969 -9.24181 
             2.10005  0.296848 -0.115373 -0.743736 -0.00401603  -0.0109872   -0.007734 0 0 0   -0.011 -0.02329  0.04412 0.00494532 0.00723374 0.00428463 0.000856042 9.05481e-05 -0.00257137  0.00467623   0.0137521 -0.00629424  3.28311 0.119552 -9.24248 
             2.20002  0.300412 -0.065174 -0.764187 -0.00529643  -0.0123544 -0.00922327 0 0 0   -0.011 -0.02329  0.04412 -0.00159183  0.00412635 -0.00121977  0.000707105 -2.68509e-05  -0.00252148  0.00546798   0.0150772 -0.00416951  3.28178 0.118281 -9.24296 
             2.29999   0.23752 -0.122958   -0.7638 -0.00365255  -0.0196133 -0.00725023 0 0 0   -0.011 -0.02329  0.04412  0.00140193 -0.00891793  0.00474093  0.00087971    0.000123 -0.00255313  0.00472304   0.0202862 -0.00647343  3.28307 0.113279 -9.24257 
             2.40005  0.150431 -0.103514 -0.545649 -0.00489326  -0.0190432 -0.00634012 0 0 0   -0.011 -0.02329  0.04412 -0.00485177  -0.0104702    0.006305  0.00100791 6.53933e-05 -0.00310504  0.00571163   0.0191526 -0.00725506  3.28247 0.114385 -9.24277 
             2.49997   0.271009 -0.0703106  -0.728392 -0.00878623  -0.0203903 -0.00979907 0 0 0   -0.011 -0.02329  0.04412  -0.0120833 -0.00350516 -0.00534973  0.000679061 -1.02174e-05  -0.00267007  0.00693066   0.0196108 -0.00330428  3.28024 0.113948 -9.24357 
             2.60004  0.335025 -0.118051 -0.979299 -0.0105686 -0.0233983 -0.0125813 0 0 0   -0.011 -0.02329  0.04412 -0.0127801 -0.0169181 -0.0110406 0.000474321 9.75711e-05 -0.00205707   0.00674651    0.0208203 -0.000901435  3.27967 0.112774 -9.24378 
                 2.7   0.207271 -0.0582312   -0.61432 -0.00785774  -0.0242438  -0.0117884 0 0 0   -0.011 -0.02329  0.04412 -0.00702506 -0.00737376 -0.00795376  0.000724304 -4.29502e-05  -0.00294152  0.00486653   0.0205008 -0.00208458  3.28163 0.113057 -9.24308 
                 2.8   0.326511 -0.0867823  -0.827114 -0.0150984 -0.0244472 -0.0141074 0 0 0   -0.011 -0.02329  0.04412 -0.0213102 -0.0118327  -0.010211 0.000436848 2.49138e-05 -0.00244779  0.00795998   0.0202505 -0.00182004  3.27891 0.113347 -9.24404 
             2.89992   0.334254 -0.0893039  -0.901709 -0.0166802 -0.0208977 -0.0149211 0 0 0   -0.011 -0.02329  0.04412  -0.0219693    0.002272 -0.00973749  0.00037022 1.61195e-05 -0.00227788  0.00766046   0.0180458 -0.00184459   3.2792 0.115454 -9.24392 
             3.00004  0.284535 -0.120373 -0.907926 -0.0127619 -0.0233873 -0.0129544 0 0 0   -0.011 -0.02329  0.04412  -0.0124205 -0.00172105 -0.00351414 0.000514103 9.04714e-05 -0.00226774  0.00518942   0.0193185 -0.00351006  3.28179 0.114189 -9.24301 
             3.09999     0.2158 -0.0776337  -0.708837 -0.00897288  -0.0234696  -0.0119517 0 0 0   -0.011 -0.02329  0.04412 -0.00338178 -0.00379152 -0.00112839   0.00059838 -5.36075e-06  -0.00272285 0.00313337  0.0190526 -0.0037801  3.28362 0.114398 -9.24236 
             3.20002   0.262072 -0.0467673  -0.735265  -0.010871 -0.0234761 -0.0130089 0 0 0   -0.011 -0.02329  0.04412 -0.00455426  0.00280706  -0.0028704  0.000524525 -7.75077e-05  -0.00267933  0.00370683     0.01913 -0.00326207  3.28298 0.114338 -9.24259 
             3.30002   0.329939 -0.0899126  -0.993096 -0.00999291   -0.027023  -0.0134327 0 0 0   -0.011 -0.02329  0.04412 -0.00304805   -0.012001 -0.00414547 0.000324515  1.2382e-05 -0.00208785  0.00304517   0.0204419 -0.00292899  3.28342 0.113067 -9.24245 
             3.40005   0.349681 -0.0774704   -1.00338 -0.00890352  -0.0235235  -0.0120846 0 0 0   -0.011 -0.02329  0.04412 -0.000975726   0.00736008  0.000102206  0.000255053 -7.96522e-06   -0.0020853  0.00268767   0.0187935 -0.00410759  3.28411 0.114632 -9.24218 
             3.49988   0.319945 -0.0715453  -0.963871 -0.00763008  -0.0196047    -0.01007 0 0 0   -0.011 -0.02329  0.04412  0.0020151 0.00791915 0.00652146  0.000304358 -3.04775e-05  -0.00218208  0.00247562   0.0175228 -0.00541596  3.28471 0.115838 -9.24195 
             3.59995   0.326722 -0.0585333  -0.912666 -0.0100628 -0.0233898 -0.0119959 0 0 0   -0.011 -0.02329  0.04412  -0.00581857   0.00405484 -0.000750227  0.000247027 -5.54719e-05  -0.00229614 0.00303962  0.0192269 -0.0038533  3.28371 0.114236 -9.24233 
              3.6999  0.228701 -0.130221 -0.776623 -0.00557516  -0.0192054 -0.00931665 0 0 0   -0.011 -0.02329  0.04412 0.00516838   0.010989 0.00672829 0.000469229 8.79455e-05 -0.00259374  0.00157554    0.017911 -0.00510268  3.28538  0.11543 -9.24172 
             3.79987  0.261102 -0.171665 -0.855107 0.000316703  -0.0222732 -0.00599627 0 0 0   -0.011 -0.02329  0.04412  0.0119278 0.00376178  0.0114986 0.000366344 0.000171241 -0.00241602 -3.53341e-05    0.0191329  -0.00626108  3.28705 0.114195 -9.24115 
                 3.9  0.296903 -0.100312 -0.842633 -0.00345417  -0.0179611 -0.00840752 0 0 0   -0.011 -0.02329  0.04412 0.00319831  0.0160718 0.00302592 0.000369316 2.34579e-05 -0.00244923 0.00121045  0.0180745 -0.0044579  3.28549  0.11526 -9.24169 
             3.99988  0.213503 -0.132762 -0.766415 -0.00165295  -0.0167902 -0.00832459 0 0 0   -0.011 -0.02329  0.04412 0.00631316  0.0111471 0.00199626 0.000464692 8.49067e-05  -0.0026223 0.000659244   0.0180786  -0.0040357  3.28583 0.115236 -9.24157 
             4.10004   0.12112 -0.131696 -0.509017 0.000670835  -0.0129836 -0.00687132 0 0 0   -0.011 -0.02329  0.04412 0.00751576  0.0263598 0.00415011 0.000637663 7.99471e-05 -0.00314717 0.000260998   0.0174446 -0.00459387  3.28635 0.115823 -9.24137 
                 4.2   0.188236 -0.0815158  -0.459743 -0.00285766 -0.00990138 -0.00842368 0 0 0   -0.011 -0.02329  0.04412 -0.000573465    0.0192542  0.000864186  0.000476468 -2.50968e-05  -0.00322957  0.00137086   0.0171973 -0.00384558   3.2852 0.116094 -9.24178 
             4.29986  0.256814 -0.104971 -0.792478 -0.00724448 -0.00883822  -0.0112429 0 0 0   -0.011 -0.02329  0.04412 -0.00997902   0.0269414 -0.00628262 0.000370392 2.32011e-05 -0.00258437 0.00227623  0.0175861 -0.0025942  3.28405  0.11574 -9.24219 
             4.39989   0.112449 -0.0924178  -0.421838  -0.0036681  -0.0107504 -0.00837802 0 0 0   -0.011 -0.02329  0.04412 -0.00116543   0.0126472  0.00277872  0.000652946 -1.12477e-05  -0.00331806  0.00141152   0.0188371 -0.00418237  3.28526 0.114548 -9.24178 
             4.49994    0.26421 -0.0579805   -0.74229 -0.00925986  -0.0127376  -0.0100135 0 0 0   -0.011 -0.02329  0.04412  -0.013871 0.00808722  -0.001571   0.00025876 -6.64224e-05  -0.00270465  0.00274066    0.019693 -0.00374462  3.28401 0.113736 -9.24223 
              4.5999    0.43365 -0.0747737   -1.03146  -0.0123762 -0.00958351  -0.0119762 0 0 0   -0.011 -0.02329  0.04412  -0.0155357    0.013926 -0.00549318 -5.75654e-05 -3.68064e-05  -0.00215039  0.00298033   0.0191254 -0.00286451  3.28354 0.114264 -9.24239 
             4.69993   0.209801 -0.0887015   -0.74589 -0.0115513 -0.0103985 -0.0117927 0 0 0   -0.011 -0.02329  0.04412  -0.0120947  0.00799323 -0.00444274  0.000295861 -1.41171e-05  -0.00270617  0.00240491   0.0196048 -0.00295511  3.28406 0.113814 -9.24221 
             4.79986  0.232902 -0.111879  -0.67462 -0.0100339  -0.015717 -0.0104898 0 0 0   -0.011 -0.02329  0.04412  -0.00931812   0.00113697 -0.000710043 0.000306915 2.65781e-05  -0.0028465  0.00182923    0.021233 -0.00364816  3.28477 0.112276 -9.24198 
             4.89984   0.279156 -0.0631925  -0.780082 -0.00740573  -0.0231245  -0.0107462 0 0 0   -0.011 -0.02329  0.04412 -6.79102e-05   -0.0228829  -0.00184672  0.000173857 -6.88317e-05  -0.00264455 0.000885403   0.0229133 -0.00314117  3.28542 0.110679 -9.24177 
             4.99989  0.229951 -0.105614 -0.689408 -0.0121606 -0.0231501 -0.0119958 0 0 0   -0.011 -0.02329  0.04412   -0.010538 -0.00981038 -0.00418928 0.000261701 1.34893e-05 -0.00282418  0.00201642   0.0225058 -0.00316339  3.28447 0.111069  -9.2421 
             5.09981   0.281182 -0.0754533  -0.808669  -0.011257 -0.0252819 -0.0111633 0 0 0   -0.011 -0.02329  0.04412 -0.00692244  -0.0195851 -0.00121066  0.000154823 -4.32799e-05  -0.00260175  0.00166947   0.0226961 -0.00362595   3.2849 0.110889 -9.24195 
             5.19993  0.213267 -0.111692 -0.731627 -0.0122834 -0.0276925 -0.0120739 0 0 0   -0.011 -0.02329  0.04412 -0.00871783  -0.0146349 -0.00410003 0.000227469  2.7576e-05 -0.00275961  0.00164617   0.0228263 -0.00324775  3.28481 0.110764 -9.24198 
              5.2998   0.320348 -0.0358172  -0.749213  -0.016675 -0.0206123 -0.0156621 0 0 0   -0.011 -0.02329  0.04412 -0.0124307 0.00016362 -0.0112387  4.54271e-05 -0.000116491  -0.00272094  0.00218731   0.0209484 -0.00192341  3.28397 0.112542 -9.24226 
             5.39984   0.173906 -0.0875081  -0.628505 -0.00842016  -0.0173007  -0.0134554 0 0 0   -0.011 -0.02329  0.04412  0.00399113  0.00760732 -0.00550065  0.000253689 -2.31287e-05  -0.00293448 0.000186276   0.0201467 -0.00249838  3.28583 0.113274 -9.24159 
             5.49984  0.270198 -0.100459 -0.738201 -0.00425942  -0.0188483  -0.0117426 0 0 0   -0.011 -0.02329  0.04412   0.0114363  0.00749494 2.88206e-05  0.000123996 -1.39248e-06  -0.00274106 -0.000495094     0.020716  -0.00325347  3.28662 0.112728 -9.24131 
             5.59983   0.407813 -0.0266947  -0.902577 0.00064006 -0.0170149 -0.0112222 0 0 0   -0.011 -0.02329  0.04412  0.0205388 0.00147523 0.00127106 -0.000145539 -0.000133196  -0.00244662 -0.00132324   0.0203252 -0.00307879  3.28727 0.113087 -9.24108 
             5.69979   0.265264 -0.0637029  -0.681352 -0.00370075  -0.0177957  -0.0112619 0 0 0   -0.011 -0.02329  0.04412 0.00559276 0.00806487   0.002312  0.000144064 -7.09734e-05  -0.00284417 0.000160596   0.0206629 -0.00371241  3.28621 0.112787 -9.24146 
             5.79991   0.179271 -0.0678475  -0.625409 -0.00424726  -0.0178964 -0.00883581 0 0 0   -0.011 -0.02329  0.04412   0.00358091 -0.000904415     0.009565  0.000260924 -6.73594e-05  -0.00293347  0.00066306   0.0207924 -0.00488867  3.28615 0.112667 -9.24148 
             5.89985   0.281321 -0.0640631  -0.594919 -0.00594165  -0.0218925 -0.00987269 0 0 0   -0.011 -0.02329  0.04412 0.000352358 -0.00374349  0.00426493  4.25083e-05 -7.58877e-05  -0.00299159  0.00092496   0.0215817 -0.00417987  3.28571 0.111931 -9.24165 
             5.99981   0.353016 -0.0580782  -0.899931  -0.0063489  -0.0208668 -0.00954795 0 0 0   -0.011 -0.02329  0.04412 0.000548985 -0.00562685  0.00489908 -6.72904e-05 -8.39012e-05  -0.00247314  0.00099058   0.0213175 -0.00415732  3.28565 0.112181 -9.24167 
             6.09991  0.140252 -0.113647 -0.642044 -0.00303956  -0.0219965 -0.00873095 0 0 0   -0.011 -0.02329  0.04412  0.00415009 -0.00249633  0.00389646 0.000210264 1.57137e-05 -0.00290143 0.000294908   0.0214085 -0.00397188  3.28617  0.11209 -9.24148 
             6.19984    0.29962 -0.0935081  -0.827199 -0.00449483  -0.0253622 -0.00962726 0 0 0   -0.011 -0.02329  0.04412  0.00284361 -0.00750402  0.00166117 -2.60917e-05  -2.7561e-05  -0.00261025  0.00058782    0.022056 -0.00359168  3.28581 0.111486 -9.24162 
              6.2999   0.322826 -0.0476717  -0.853399 -0.0102863 -0.0217787 -0.0121752 0 0 0   -0.011 -0.02329  0.04412  -0.0104356 -0.00373451 -0.00387265 -0.000121458 -0.000100187  -0.00257127  0.00157147    0.021186 -0.00295271   3.2848 0.112308 -9.24197 
             6.39979   0.241758 -0.0665479  -0.589701 -0.00611729  -0.0163089  -0.0112236 0 0 0   -0.011 -0.02329  0.04412 -0.00017135   0.0151836 -0.00198981   3.4174e-05 -6.91547e-05   -0.0030129 0.000631186   0.0201883 -0.00302051  3.28561  0.11323 -9.24167 
             6.49996  0.127167 -0.139055 -0.641184  -0.0034237  -0.0243943 -0.00898225 0 0 0   -0.011 -0.02329  0.04412  0.00353111 -0.00982944  0.00408046 0.000156088 4.37868e-05 -0.00291991 0.000335324    0.021836  -0.0038416  3.28609 0.111687 -9.24152 
             6.59994  0.259537 -0.118827 -0.814193 -0.00588079  -0.0239224    -0.01034 0 0 0   -0.011 -0.02329  0.04412  -0.00323994  0.000886826 -0.000970416 -8.27659e-05  1.45305e-05  -0.00264078  0.00070053   0.0216519 -0.00336782  3.28564 0.111861 -9.24167 
             6.69994   0.274079 -0.0614001  -0.620176 -0.00341397  -0.0149289  -0.0098131 0 0 0   -0.011 -0.02329  0.04412 0.00530472  0.0116074 0.00112134 -0.000112839 -7.83764e-05  -0.00295689 0.000207786   0.0200341 -0.00330444  3.28604 0.113366 -9.24151 
             6.79984  0.257529 -0.099983 -0.850124 -0.000305884    -0.018379  -0.00983814 0 0 0   -0.011 -0.02329  0.04412  0.00769679  0.00887748 -0.00125296 -0.000108315  -1.5489e-05  -0.00258432 -0.000331097    0.0208415  -0.00304389  3.28641 0.112607 -9.24139 
             6.89993  0.270018 -0.128253 -0.834757 -0.00206557   -0.019984  -0.0110912 0 0 0   -0.011 -0.02329  0.04412  0.00268802  0.00189946 -0.00333747 -0.000115658  2.59101e-05  -0.00261781 6.30004e-05   0.0213075 -0.00282376  3.28602 0.112174 -9.24154 
             6.99989   0.148164 -0.0651677  -0.409307 -0.00282718  -0.0163661  -0.0106964 0 0 0   -0.011 -0.02329  0.04412 -1.72642e-05   0.00817236 -0.000710495  3.14587e-05 -7.74495e-05  -0.00328157 0.000349062   0.0206829 -0.00317112  3.28588  0.11276 -9.24158 
             7.09994   0.282544 -0.0656532  -0.637903 -0.00288266  -0.0150322  -0.0103332 0 0 0   -0.011 -0.02329  0.04412 -0.00119438   0.0124585 0.000342423 -0.000127088 -7.34449e-05  -0.00293706 0.000384112   0.0206571 -0.00336858  3.28591 0.112785 -9.24157 
             7.19997  0.202118 -0.105502 -0.566107 -0.00236867  -0.0171925 -0.00937109 0 0 0   -0.011 -0.02329  0.04412   0.00117788 -0.000997146    0.0031999 -3.11548e-05  -1.8066e-05  -0.00304205 0.000374262   0.0211333 -0.00367598  3.28601 0.112345 -9.24154 
             7.29978  0.303715 -0.101501 -0.844327 -0.00385454  -0.0183382  -0.0100173 0 0 0   -0.011 -0.02329  0.04412 -0.00271574   0.0050877 0.000350787 -0.000186545 -2.43237e-05   -0.0026175 0.000564798   0.0213885 -0.00346528   3.2858 0.112106 -9.24161 
             7.39988   0.251101 -0.0467815  -0.542991 -0.00129812  -0.0135638 -0.00769229 0 0 0   -0.011 -0.02329  0.04412 0.00370062 0.00519651 0.00630846 -0.000107719 -0.000106138   -0.0030626 0.000231297   0.0206232 -0.00405622  3.28623 0.112822 -9.24145 
             7.49993   0.236576 -0.0611878  -0.669221 0.000265253  -0.0164493 -0.00841884 0 0 0   -0.011 -0.02329  0.04412 0.00632098 0.00630637 0.00221958 -9.24826e-05 -8.58662e-05  -0.00287659 -7.65359e-05    0.0212081  -0.00345746  3.28632 0.112283 -9.24143 
             7.59988  0.273815 -0.117366 -0.879014  0.00121759  -0.0159183 -0.00846418 0 0 0   -0.011 -0.02329  0.04412 0.00618042 0.00207976 0.00299206 -0.000141921 -6.99226e-07  -0.00257004 -0.000179012    0.0212318  -0.00332544  3.28637 0.112262 -9.24141 
             7.69975   0.224153 -0.0840697  -0.696342  0.00515832  -0.0181963 -0.00564056 0 0 0   -0.011 -0.02329  0.04412   0.0112817 0.000360581  0.00716859  -0.00010226 -4.98977e-05  -0.00284168 -0.000530672    0.0215782  -0.00399616  3.28686 0.111951 -9.24124 
             7.79977   0.284527 -0.0890367  -0.709073   0.0006816  -0.0223664 -0.00909872 0 0 0   -0.011 -0.02329  0.04412  0.00274933 -0.00977618 -0.00120584 -0.000146296 -4.35006e-05  -0.00282579 0.000137652   0.0222488 -0.00296182  3.28602 0.111321 -9.24155 
             7.89988  0.220128 -0.105175 -0.662303 0.000237402  -0.0195424 -0.00910868 0 0 0   -0.011 -0.02329  0.04412 -0.000879429  -0.00421451  -0.00213872 -0.000105022  -2.2402e-05  -0.00290084 0.000247211   0.0216435   -0.003064  3.28595 0.111878 -9.24156 
              7.9999   0.282909 -0.0885222   -0.75014  0.00331729  -0.0153434 -0.00688115 0 0 0   -0.011 -0.02329  0.04412 0.00651173  0.0128089  0.0031737 -0.000198409 -3.66587e-05  -0.00276607 -0.000108313    0.0210056  -0.00365543  3.28641 0.112467 -9.24139 
             8.09989    0.16883 -0.0922284  -0.432443  0.00291423  -0.0101958 -0.00715516 0 0 0   -0.011 -0.02329  0.04412 0.00394843  0.0115847 0.00241509  -9.0871e-05 -3.24157e-05  -0.00322517 1.99797e-06   0.0203557   -0.003488  3.28627 0.113063 -9.24143 
             8.19984   0.272446 -0.0901391   -0.67324  0.00326591  -0.0101071 -0.00730967 0 0 0   -0.011 -0.02329  0.04412   0.0018128   0.0169272 0.000375259 -0.000243239 -3.26367e-05  -0.00288408 -3.85965e-05    0.0205495  -0.00337037  3.28627 0.112885 -9.24144 
             8.29991   0.305133 -0.0904384  -0.786676  0.00206613  -0.0129607 -0.00787195 0 0 0   -0.011 -0.02329  0.04412   0.0011486 0.000501823 0.000748946 -0.000276215 -3.79083e-05  -0.00272772 0.000173848   0.0211683 -0.00327367  3.28608 0.112315 -9.24151 
             8.39979    0.19755 -0.0790508  -0.476423 0.00688904 -0.0118307 -0.0064755 0 0 0   -0.011 -0.02329  0.04412 0.00925477 0.00667937 0.00227693 -0.000172243 -5.79637e-05  -0.00317207 -0.000485302    0.0209983  -0.00336588  3.28664  0.11248 -9.24131 
             8.49992  0.252831 -0.161668 -0.630499  0.00417169  -0.0156279 -0.00779508 0 0 0   -0.011 -0.02329  0.04412 0.000975785 -0.00395228 -0.00141439 -0.000230196  6.14294e-05  -0.00295607 -1.32755e-05    0.0216518  -0.00313953   3.2862 0.111874 -9.24147 
             8.59978  0.326411 -0.139989 -0.941963 -0.00109007   -0.017794 -0.00969548 0 0 0   -0.011 -0.02329  0.04412 -0.0110112 -0.0101872 -0.0048057 -0.00038126 3.25099e-05   -0.002523 0.000702908   0.0218552  -0.0029411  3.28557 0.111671  -9.2417 
             8.69982  0.230446 -0.109249 -0.639516 -0.000146624   -0.0148156  -0.00947994 0 0 0   -0.011 -0.02329  0.04412 -0.00690891  0.00405048 -0.00349467 -0.000212776 -1.50092e-05  -0.00294931 0.000426287   0.0213874 -0.00300379   3.2858 0.112104 -9.24161 
              8.7998  0.175193 -0.110835 -0.455225 -0.0022258 -0.0123212 -0.0107677 0 0 0   -0.011 -0.02329  0.04412  -0.0105772 0.000848598 -0.00539352  -0.00019576 -1.14586e-05  -0.00319434 0.000563256   0.0210426 -0.00278116  3.28562 0.112415 -9.24167 
             8.89987    0.3551 -0.123413 -0.916936 -0.00541123 -0.00931312  -0.0112681 0 0 0   -0.011 -0.02329  0.04412  -0.0171525   0.0145473 -0.00548668 -0.000419428   8.9512e-06  -0.00256952 0.000836864   0.0207233  -0.0029626  3.28545 0.112702 -9.24173 
             8.99975   0.26114 -0.101588 -0.731033 -0.00034904 -0.00795867 -0.00970059 0 0 0   -0.011 -0.02329  0.04412 -0.00194609  0.00742111 -0.00062311 -0.000301021 -3.05263e-05  -0.00281632 3.93359e-06    0.020674 -0.00313845  3.28617 0.112759 -9.24147 
              9.0998     0.2042 -0.0607796  -0.452443  0.00898831  -0.0058389 -0.00586874 0 0 0   -0.011 -0.02329  0.04412 0.0153607 0.0167131 0.0065793 -0.000215624  -8.3759e-05  -0.00319406 -0.0011463  0.0204696 -0.0036753  3.28725 0.112953 -9.24109 
             9.19974    0.2911 -0.103697 -0.746506   0.0112122 -0.00744354  -0.0058686 0 0 0   -0.011 -0.02329  0.04412  0.0179856  0.0061537 0.00496553 -0.000329639 -2.40201e-05  -0.00279772 -0.00128331   0.0208912 -0.00344285   3.2873 0.112572 -9.24108 
             9.29974  0.354271 -0.100373   -1.0017  0.00845634  -0.0114691 -0.00751025 0 0 0   -0.011 -0.02329  0.04412  0.00877098 -0.00259247 0.000487515 -0.000447706  -2.8757e-05  -0.00245709 -0.000744859     0.021469  -0.00310403  3.28678 0.112044 -9.24127 
             9.39981   0.266855 -0.0783121  -0.611188  0.00396906  -0.0102693 -0.00899334 0 0 0   -0.011 -0.02329  0.04412 -0.00302048  0.00183003 -0.00243968 -0.000290665 -5.76034e-05  -0.00297317 -8.4409e-05   0.0213478 -0.00299915  3.28622 0.112152 -9.24147 
             9.49976  0.311562 -0.101643 -0.885091  0.00215377  -0.0168022 -0.00885653 0 0 0   -0.011 -0.02329  0.04412  -0.00642957   -0.0170118 -0.000390538 -0.000400794 -2.93301e-05  -0.00261026 0.000165926   0.0221302 -0.00322471  3.28608 0.111448 -9.24152 
             9.59986   0.321194 -0.0927713  -0.852233 -0.00327023  -0.0219172  -0.0112204 0 0 0   -0.011 -0.02329  0.04412  -0.0168206  -0.0172977 -0.00514497 -0.000388243 -3.93983e-05  -0.00266861 0.000703043   0.0226321 -0.00287467  3.28554 0.111007 -9.24172 
             9.69978  0.314194 -0.075335 -0.770536 -0.00406344  -0.0197372  -0.0108063 0 0 0   -0.011 -0.02329  0.04412  -0.0156952  -0.0183223 -0.00277022 -0.000414899 -6.03634e-05  -0.00276576 0.000636747   0.0220902  -0.0030733  3.28566 0.111489 -9.24167 
             9.79977   0.347817 -0.0701757  -0.816331 -0.000740023   -0.0194534  -0.00799637 0 0 0   -0.011 -0.02329  0.04412 -0.00553882 -0.00591256  0.00428068 -0.000461728 -6.59507e-05  -0.00271457 0.000149801   0.0218325 -0.00363492  3.28622 0.111694 -9.24147 
             9.89989   0.25864 -0.101802 -0.564994  0.00192663  -0.0161417 -0.00771916 0 0 0   -0.011 -0.02329  0.04412 0.000780151 -0.00442219  0.00286027 -0.000348794 -2.83484e-05  -0.00303549 -0.000302178    0.0213186   -0.0033674  3.28653 0.112139 -9.24136 
             9.99971  0.212205 -0.087352 -0.633324  0.00259985  -0.0193238 -0.00820803 0 0 0   -0.011 -0.02329  0.04412 0.000697896 -0.00572123 -0.00050822  -0.00033716 -3.78427e-05   -0.0029519 -0.000443199    0.0216419   -0.0031198  3.28655  0.11185 -9.24135 
             10.0999  0.283941 -0.104198  -0.66492 0.000697615  -0.0175274  -0.0088058 0 0 0   -0.011 -0.02329  0.04412 -0.000217128  -0.00263014 -2.37088e-05 -0.000391151 -2.47294e-05  -0.00291671 -0.000207332    0.0213956  -0.00307019  3.28636 0.112079 -9.24142 
             10.1999  0.238037 -0.123156 -0.649306  0.00185296    -0.01748 -0.00802753 0 0 0   -0.011 -0.02329  0.04412 -0.00216357 -0.00385864  0.00105423  -0.00036223 -1.38398e-06   -0.0029278 -0.000343892    0.0213105  -0.00320939  3.28651 0.112149 -9.24136 
             10.2997  0.275186 -0.110535 -0.731252  0.00346097  -0.0175244 -0.00601524 0 0 0   -0.011 -0.02329  0.04412 0.00127199 0.00219032 0.00574122 -0.000425976 -7.08281e-06  -0.00284204 -0.000479693    0.0213129  -0.00363247  3.28674 0.112142 -9.24128 
             10.3999  0.236369 -0.100513 -0.568117  0.00504419  -0.0232244 -0.00570332 0 0 0   -0.011 -0.02329  0.04412 0.00458907 -0.0182337 0.00543552 -0.000406989 -2.71356e-05  -0.00303959 -0.000660313    0.0219247  -0.00348255  3.28684 0.111597 -9.24125 
             10.4999 0.168909 -0.11863 -0.33301 0.00824155 -0.0195076 -0.0062228 0 0 0   -0.011 -0.02329  0.04412  0.00870004  0.00146139 0.000255728 -0.000315561 -7.68843e-06  -0.00333184 -0.00110132    0.021334 -0.00303383  3.28705 0.112123 -9.24117 
             10.5998  0.340155 -0.136254 -0.815297  0.00360179    -0.02127 -0.00726436 0 0 0   -0.011 -0.02329  0.04412  -0.00127259   -0.0113352 -0.000389114 -0.00053226  1.4518e-05 -0.00274611 -0.000442229    0.0215206  -0.00305701  3.28655 0.111945 -9.24135 
             10.6998  0.372794 -0.059402 -0.956032 -0.00322168  -0.0202551 -0.00917016 0 0 0   -0.011 -0.02329  0.04412  -0.0161995 -0.00120613 -0.00418698   -0.0005829 -8.03408e-05  -0.00257727 0.000303601   0.0213107 -0.00295342  3.28593 0.112103 -9.24157 
             10.7997   0.409682 -0.0989331   -0.94566 -0.00620869  -0.0172133  -0.0111309 0 0 0   -0.011 -0.02329  0.04412  -0.0176374  0.00137874 -0.00854635 -0.000614055 -3.33557e-05  -0.00259165 0.000379869   0.0209671 -0.00262059  3.28576 0.112403 -9.24162 
             10.8999   0.257095 -0.0543243  -0.567193 -0.00161204  -0.0186086 -0.00921967 0 0 0   -0.011 -0.02329  0.04412 -0.00543767 -0.00189699 -0.00232236 -0.000457268 -8.61373e-05  -0.00304698 -0.000258804    0.0210906  -0.00295249  3.28636 0.112303 -9.24141 
             10.9998  0.284911 -0.114462 -0.760707 0.000239838  -0.0140109  -0.0101759 0 0 0   -0.011 -0.02329  0.04412 -0.00088609   0.0102215 -0.00555338 -0.000441724  -1.6107e-05  -0.00281531 -0.000609644    0.0205935  -0.00264007  3.28655 0.112741 -9.24134 
             11.0997    0.24585 -0.0902525  -0.566799 -0.000380153  -0.00798755   -0.0102326 0 0 0   -0.011 -0.02329  0.04412 -0.00205359   0.0158851 -0.00420514 -0.000417802 -4.52699e-05  -0.00303941 -0.000516019    0.0200112  -0.00278467  3.28652  0.11325 -9.24134 
             11.1999   0.242008 -0.0673549  -0.566592 0.000956871 -0.00959241  -0.0100792 0 0 0   -0.011 -0.02329  0.04412  0.00171078   0.0170163 -0.00342463 -0.000408051 -7.40852e-05  -0.00303985 -0.000662055     0.020393  -0.00286008  3.28665 0.112913  -9.2413 
             11.2998  0.175401 -0.123079 -0.459611 0.00313836 -0.0106029 -0.0088817 0 0 0   -0.011 -0.02329  0.04412 0.00517665 0.00351172 0.00069654 -0.000343837 -1.18919e-05  -0.00316663 -0.000823052    0.0206307  -0.00312647  3.28685 0.112701 -9.24123 
             11.3997  0.383597 -0.107612  -1.01302  0.00236607 -0.00792485 -0.00917638 0 0 0   -0.011 -0.02329  0.04412 0.000921356   0.0153341 -0.00046739 -0.000596921 -2.28216e-05  -0.00251672 -0.000721464     0.020413  -0.00311047  3.28677 0.112891 -9.24126 
             11.4998    0.28536 -0.0973887  -0.692279 -0.000469366  -0.00669445  -0.00877512 0 0 0   -0.011 -0.02329  0.04412 -0.00433102  0.00902726  0.00210951 -0.000464181  -4.2782e-05  -0.00289705 -0.000326324    0.0204406  -0.00337537  3.28653 0.112862 -9.24134 
             11.5998  0.349643 -0.104865 -0.889636  0.00261547  -0.0118176 -0.00838179 0 0 0   -0.011 -0.02329  0.04412 -0.000148289 -0.000675129   0.00105869 -0.000569016 -3.05065e-05  -0.00265778 -0.000730791      0.02104  -0.00324019  3.28682 0.112343 -9.24125 
             11.6998   0.324228 -0.0789483   -0.77815 0.000491433  -0.0102134 -0.00908038 0 0 0   -0.011 -0.02329  0.04412 -0.00360391  0.00267933  0.00020872 -0.000507793 -6.14517e-05  -0.00279667 -0.000519516    0.0208972  -0.00316175  3.28663 0.112467 -9.24131 
             11.7997   0.130452 -0.0957501  -0.402122 -9.54852e-05  -0.00651131  -0.00856367 0 0 0   -0.011 -0.02329  0.04412 -0.0034563 0.00662422 0.00148444 -0.000327611 -4.84784e-05  -0.00323191 -0.000452459    0.0205058  -0.00328399  3.28662 0.112807 -9.24131 
             11.8998   0.267532 -0.0552359  -0.521336 0.000870496 -0.00823849  -0.0100666 0 0 0   -0.011 -0.02329  0.04412 0.000528415  0.00630389 -0.00324251 -0.000466312 -9.45623e-05  -0.00309343 -0.000689268    0.0207849  -0.00282911  3.28667 0.112565  -9.2413 
             11.9996   0.311178 -0.0814625  -0.783939 0.000759272   -0.010071 -0.00926183 0 0 0   -0.011 -0.02329  0.04412 -0.000743915  -0.00631678 -9.32057e-05  -0.00054482 -6.11806e-05  -0.00279016 -0.000620179    0.0209895  -0.00310852   3.2867 0.112388 -9.24129 
             12.0998    0.32737 -0.0961381  -0.773021  0.00102822  -0.0128833 -0.00804069 0 0 0   -0.011 -0.02329  0.04412 -0.00069725 -0.00284484  0.00335759 -0.000538454 -4.76235e-05  -0.00280349 -0.000596211    0.0212432  -0.00338037  3.28676 0.112168 -9.24127 
             12.1997   0.306385 -0.0745187  -0.754687 7.11209e-05  -0.0129686  -0.0079918 0 0 0   -0.011 -0.02329  0.04412 -0.0027673 -0.0105451 0.00349609 -0.000534633 -7.21066e-05  -0.00282654 -0.000507433    0.0211945  -0.00335608  3.28668 0.112209  -9.2413 
             12.2997  0.251215 -0.102084 -0.589176  0.00303025  -0.0138647 -0.00744664 0 0 0   -0.011 -0.02329  0.04412 0.00174965 -0.0047707 0.00221836 -0.000507495 -3.83433e-05  -0.00301027  -0.0008646   0.0211791 -0.00324631  3.28692 0.112225 -9.24121 
             12.3998  0.263001 -0.104432 -0.677447  0.00230783 -0.00907058 -0.00969312 0 0 0   -0.011 -0.02329  0.04412 0.00288626 0.00358402 -0.0031602 -0.000501399 -3.81513e-05  -0.00291807 -0.000880704    0.0206771  -0.00272031  3.28679 0.112659 -9.24126 
             12.4997   0.334309 -0.0717923  -0.922125 -0.00432506 -0.00786487   -0.011866 0 0 0   -0.011 -0.02329  0.04412  -0.0123029  0.00468001 -0.00720629 -0.000609671 -7.16113e-05  -0.00264712 -0.000203043     0.020575  -0.00264431  3.28625 0.112742 -9.24145 
             12.5997  0.394301 -0.042885 -0.866445 -0.00750212  -0.0106994  -0.0131629 0 0 0   -0.011 -0.02329  0.04412  -0.0142432 -0.00029972 -0.00796667 -0.000643134 -0.000104329  -0.00270791 -1.23948e-05    0.0209232  -0.00261187   3.2861 0.112445  -9.2415 
             12.6998  0.333327 -0.118146 -0.969921 -0.00700798  -0.0148038  -0.0135325 0 0 0   -0.011 -0.02329  0.04412  -0.0116718  -0.0140964 -0.00712411 -0.000627492  -2.0296e-05  -0.00259929 -0.000214829     0.021275  -0.00261164  3.28625 0.112143 -9.24145 
             12.7998  0.277721 -0.105619 -0.857008 -0.00823303  -0.0196903  -0.0134725 0 0 0   -0.011 -0.02329  0.04412 -0.0132985 -0.0131114 -0.0052726 -0.000561501  -3.1688e-05  -0.00273049 -0.000177066    0.0216657  -0.00280004  3.28626  0.11181 -9.24146 
             12.8997  0.285327 -0.112556 -0.757811 -0.00536337  -0.0195225  -0.0123221 0 0 0   -0.011 -0.02329  0.04412 -0.00540779  -0.0181705 -0.00125612 -0.000590096 -2.50095e-05  -0.00283355 -0.000540701    0.0214583  -0.00295564  3.28658 0.111962 -9.24134 
             12.9998   0.285296 -0.0927191  -0.715801 -0.00425529  -0.0175742  -0.0123485 0 0 0   -0.011 -0.02329  0.04412 -0.00358688 -0.00337615 -0.00234222 -0.000590306 -4.72836e-05  -0.00288229 -0.000704708    0.0211203  -0.00289617  3.28672 0.112236 -9.24129 
             13.0997  0.281773  -0.12236 -0.785574 -0.0037086  -0.018361 -0.0113733 0 0 0   -0.011 -0.02329  0.04412 -0.000191929  -0.00954968   0.00143882 -0.000575585 -1.92452e-05  -0.00280629 -0.000734612    0.0211534  -0.00311678  3.28679 0.112201 -9.24126 
             13.1996   0.270011 -0.0644257  -0.651461 -0.0017889 -0.0198823 -0.0102627 0 0 0   -0.011 -0.02329  0.04412  0.00176958 -0.00830263  0.00285254 -0.000589686 -8.07297e-05  -0.00294505 -0.000902679    0.0211786  -0.00323294  3.28695 0.112165  -9.2412 
             13.2998   0.359237 -0.0673294  -0.803897 -0.00480702  -0.0181358  -0.0106475 0 0 0   -0.011 -0.02329  0.04412 -0.00251055 -0.00380199  0.00204306  -0.00066226 -7.69301e-05  -0.00278596 -0.000584786    0.0209774  -0.00323015  3.28672 0.112355 -9.24128 
             13.3997   0.28241 -0.114146 -0.752105 -0.00280081  -0.0176429  -0.0094372 0 0 0   -0.011 -0.02329  0.04412  0.00122292 -0.00547904  0.00475256 -0.00061265 -2.6653e-05 -0.00284552 -0.000784857    0.0208493  -0.00331508   3.2869 0.112449 -9.24122 
             13.4997  0.331855 -0.119341 -0.889259  -0.0024974   -0.016719 -0.00902665 0 0 0   -0.011 -0.02329  0.04412 -6.22179e-05   0.00408094   0.00413807 -0.000643418 -2.02223e-05   -0.0026959 -0.000819463     0.020763  -0.00329729  3.28693  0.11252 -9.24121 
             13.5997   0.337797 -0.0805222  -0.831605  0.00131759  -0.0206547 -0.00869448 0 0 0   -0.011 -0.02329  0.04412 0.00890702 -0.0131201 0.00357418 -0.000669931 -6.43832e-05  -0.00275801 -0.00121233   0.0210912 -0.00311273  3.28715 0.112231 -9.24113 
             13.6998  0.238445 -0.122203 -0.559962 0.000959167  -0.0183479 -0.00892439 0 0 0   -0.011 -0.02329  0.04412 0.00471035 0.00277156 0.00141473 -0.000548558 -2.10186e-05  -0.00304209 -0.00110843   0.0208099 -0.00304835  3.28707 0.112473 -9.24116 
             13.7997   0.237065 -0.0899086    -0.6996 -0.00276588  -0.0180923   -0.011572 0 0 0   -0.011 -0.02329  0.04412 -0.00212902 -0.00198511 -0.00464937 -0.000540979 -5.67657e-05  -0.00289349 -0.000795254    0.0208154  -0.00265224  3.28674 0.112493 -9.24128 
             13.8996   0.242177 -0.0893325  -0.574934 -0.00270152  -0.0129757  -0.0106828 0 0 0   -0.011 -0.02329  0.04412 -0.00302542   0.0140789  -0.0018188 -0.000567441 -5.50692e-05  -0.00302861 -0.000761356    0.0203387  -0.00290365   3.2868 0.112886 -9.24125 
             13.9996   0.392025 -0.0973027  -0.889307 -0.00602409 -0.00990644  -0.0120162 0 0 0   -0.011 -0.02329  0.04412 -0.00666435    0.016051 -0.00450926 -0.000717689 -4.50806e-05  -0.00270552 -0.000508042    0.0202146  -0.00280531  3.28659 0.112997 -9.24132 
             14.0997   0.312511 -0.0950007  -0.791181 -0.00241941   -0.011806  -0.0104402 0 0 0   -0.011 -0.02329  0.04412 -0.00119864  0.00823001 0.000357492 -0.000683278 -4.61094e-05  -0.00280688 -0.000849057     0.020487  -0.00301687  3.28689 0.112764 -9.24122 
             14.1998   0.249393 -0.0794566  -0.664813 -0.00239315  -0.0108012  -0.0113481 0 0 0   -0.011 -0.02329  0.04412 -0.00144897   0.0111122 -0.00121626 -0.000616367 -5.65971e-05  -0.00293654 -0.000908609    0.0205014  -0.00281758  3.28688 0.112753 -9.24122 
             14.2996   0.280164 -0.0680774  -0.681328 0.00120562 -0.0142033 -0.0101083 0 0 0   -0.011 -0.02329  0.04412 0.00713666 -0.0052361 0.00180291 -0.000671112 -7.05904e-05  -0.00292669 -0.00120257   0.0208341 -0.00294179  3.28712 0.112473 -9.24114 
             14.3997  0.252897 -0.119326 -0.541465  0.00341933  -0.0124842 -0.00928512 0 0 0   -0.011 -0.02329  0.04412 0.00899024 0.00753279 0.00235073 -0.000633276 -1.81484e-05  -0.00307081 -0.00133039   0.0206796 -0.00300686  3.28724 0.112598  -9.2411 
             14.4997   0.298537 -0.0966156  -0.797578 -0.000336225   -0.0141843  -0.00963712 0 0 0   -0.011 -0.02329  0.04412 -0.000670204  -0.00644722   0.00204716 -0.000712083 -3.77534e-05  -0.00281213 -0.000895636    0.0208608  -0.00309048 3.28694 0.11245 -9.2412 
             14.5996   0.302732 -0.0703681  -0.834928 0.000754341  -0.0160529 -0.00895644 0 0 0   -0.011 -0.02329  0.04412  0.00189088 -0.00160737  0.00278482 -0.000729329 -6.34151e-05  -0.00278044 -0.000990873    0.0209858  -0.00313305  3.28702 0.112348 -9.24118 
             14.6997  0.351693 -0.120708 -0.812978 0.00231957 -0.0175914  -0.008501 0 0 0   -0.011 -0.02329  0.04412 0.00512481 -0.0101315 0.00332398 -0.000744121 -1.73287e-05  -0.00279731 -0.00112422   0.0210938 -0.00310769  3.28711  0.11226 -9.24114 
             14.7996   0.312056 -0.0951094  -0.860373  0.00262378  -0.0241559 -0.00936763 0 0 0   -0.011 -0.02329  0.04412  0.00321209  -0.0189565 -0.00060432 -0.000735726 -3.88021e-05  -0.00274728 -0.00115704   0.0215475 -0.00289449  3.28708 0.111891 -9.24116 
             14.8996  0.335202 -0.061365 -0.855022 -0.00269285  -0.0266321  -0.0118143 0 0 0   -0.011 -0.02329  0.04412   -0.006775  -0.0188888 -0.00433931 -0.000737823 -7.26219e-05  -0.00276151 -0.000709722    0.0216376  -0.00267101   3.2867 0.111829  -9.2413 
             14.9997   0.277143 -0.0944569   -0.75812 -0.00136805  -0.0287292   -0.012826 0 0 0   -0.011 -0.02329  0.04412 -0.00386816  -0.0242231 -0.00709915 -0.000721203 -3.99578e-05  -0.00285554 -0.000925257    0.0216086  -0.00248171  3.28681 0.111847 -9.24126 
             15.0996  0.361066 -0.120825 -0.977891 -0.000358901   -0.0236026    -0.011364 0 0 0   -0.011 -0.02329  0.04412 -0.00120679 -0.00147493 -0.00224431 -0.000778546  -1.2347e-05  -0.00264145 -0.000960203    0.0210275  -0.00282833  3.28695 0.112308  -9.2412 
             15.1996   0.330714 -0.0861507  -0.865533 0.000249235  -0.0224719 -0.00905204 0 0 0   -0.011 -0.02329  0.04412 0.000505216 -0.00741026  0.00549445 -0.000768572 -4.82699e-05  -0.00274985 -0.000915517    0.0208761  -0.00326411  3.28704 0.112423 -9.24117 
             15.2996   0.357279 -0.0808232  -0.926915  0.00011261  -0.0190415 -0.00962233 0 0 0   -0.011 -0.02329  0.04412 -0.00108901  0.00904233  0.00128163 -0.000802052 -5.04966e-05  -0.00269321 -0.000942762    0.0205676  -0.00305053  3.28703 0.112674 -9.24117 
             15.3996     0.3922 -0.0744814   -0.85634 -0.00239633  -0.0153737 -0.00940032 0 0 0   -0.011 -0.02329  0.04412 -0.0043924 0.00643491 0.00354793 -0.000824964 -5.94014e-05  -0.00275754 -0.000701326    0.0203358  -0.00314453   3.2869 0.112879 -9.24121 
             15.4997   0.367102 -0.0756531  -0.955866 -0.00169135  -0.0176859 -0.00977578 0 0 0   -0.011 -0.02329  0.04412 -0.00290088  0.00552053  0.00114907 -0.000810762 -5.83184e-05  -0.00266375 -0.00085445   0.0205704 -0.00297363  3.28694 0.112683  -9.2412 
             15.5997   0.453476 -0.0851617   -1.11159 -0.00117646   -0.019744  -0.0100504 0 0 0   -0.011 -0.02329  0.04412 -0.000500134  -0.00213833  8.76994e-06 -0.000867093 -5.08954e-05  -0.00252069 -0.000948146    0.0207892  -0.00288456  3.28696 0.112503  -9.2412 
             15.7003  0.320169 -0.043091 -0.804267 0.00195954 -0.0202729 -0.0108102 0 0 0   -0.011 -0.02329  0.04412  0.00475297 -0.00466014 -0.00328047 -0.000779189 -8.82354e-05  -0.00281454 -0.00126049   0.0207639 -0.00261219  3.28711 0.112498 -9.24114 
             15.7996  0.270656 -0.108868 -0.682195 0.00523443 -0.0203331 -0.0101338 0 0 0   -0.011 -0.02329  0.04412   0.0118489   0.0009443 -0.00143292 -0.000725254 -2.73815e-05  -0.00293688 -0.00146731   0.0207426 -0.00269208  3.28728  0.11248 -9.24108 
             15.8997  0.293514 -0.106933 -0.847904 0.00230495 -0.0213242  -0.011132 0 0 0   -0.011 -0.02329  0.04412  0.00282879 -0.00771061 -0.00231943 -0.000733429 -3.42715e-05  -0.00277324 -0.00113301   0.0208295 -0.00269557  3.28704  0.11246 -9.24117 
             15.9997  0.302187 -0.100406 -0.794845  0.00466771  -0.0215495 -0.00982963 0 0 0   -0.011 -0.02329  0.04412  0.00528273  0.00128671 0.000332403 -0.000746398 -3.68134e-05  -0.00282636 -0.00127157   0.0208005 -0.00289511  3.28719 0.112453 -9.24112 
             16.0995   0.346697 -0.0529441  -0.806894  0.0051093 -0.0204411 -0.0101333 0 0 0   -0.011 -0.02329  0.04412  0.00860873 -0.00541992 0.000905154 -0.000795805 -8.86828e-05  -0.00281164 -0.00125764   0.0206947 -0.00282027  3.28717 0.112541 -9.24112 
             16.1995   0.371605 -0.0855789  -0.953569  0.00598573  -0.0194191 -0.00854571 0 0 0   -0.011 -0.02329  0.04412 0.00525674 0.00516681 0.00417516  -0.00082671 -5.37617e-05  -0.00267597 -0.00121277   0.0205853  -0.0030864  3.28722 0.112622  -9.2411 
             16.2996   0.332637 -0.0900022  -0.953483  0.00423893  -0.0208188 -0.00837507 0 0 0   -0.011 -0.02329  0.04412 0.000619326 -0.00317593  0.00533932 -0.000795962  -4.4958e-05  -0.00267935 -0.00102688   0.0207528 -0.00313641  3.28709 0.112507 -9.24115 
             16.3997   0.365701 -0.0531872  -0.908503 0.000236975  -0.0176552  -0.0107608 0 0 0   -0.011 -0.02329  0.04412 -0.00547767  0.00476864 -0.00155516 -0.000836955 -8.43228e-05  -0.00271865 -0.000752167     0.020493  -0.00276313  3.28683 0.112751 -9.24124 
             16.4995  0.340111 -0.107764 -0.822921   0.0038168  -0.0157739 -0.00886162 0 0 0   -0.011 -0.02329  0.04412 0.00182137 0.00876967 0.00258166 -0.000788632 -3.44513e-05  -0.00280522 -0.00103861    0.020381 -0.00296773  3.28709   0.1128 -9.24115 
             16.5997  0.230145 -0.121476 -0.737062  0.00647934  -0.0169423 -0.00819839 0 0 0   -0.011 -0.02329  0.04412 0.00581841 0.00152201 0.00250714  -0.00070549 -2.07678e-05  -0.00288005 -0.00125253   0.0204958 -0.00294582  3.28722 0.112689  -9.2411 
             16.6996   0.327866 -0.0625154  -0.752392   0.0033977  -0.0184301 -0.00867024 0 0 0   -0.011 -0.02329  0.04412 0.000538518  0.00474588  0.00213367 -0.000799249 -7.94024e-05  -0.00287076 -0.000960972    0.0206751  -0.00295892    3.287  0.11258 -9.24118 
             16.7997   0.329049 -0.0966489  -0.810669 0.00174597 -0.0158853 -0.0103445 0 0 0   -0.011 -0.02329  0.04412 -0.00332822  6.6785e-05 -0.00306873 -0.000807219  -4.6903e-05  -0.00281094 -0.00088594   0.0204937 -0.00268239   3.2869 0.112736 -9.24122 
             16.8996    0.40915 -0.0800967    -1.1001 0.00221324 -0.0165716 -0.0104241 0 0 0   -0.011 -0.02329  0.04412 -0.00328699  0.00725482 -0.00337753 -0.000877046 -6.04165e-05    -0.002545 -0.000958028    0.0205763  -0.00270011  3.28694 0.112666  -9.2412 
             16.9996   0.331702 -0.0874364     -0.855  0.00381504  -0.0162431 -0.00929054 0 0 0   -0.011 -0.02329  0.04412     0.00103 -0.00115389   0.0016719 -0.000804024   -5.775e-05    -0.002766  -0.0010596   0.0205687 -0.00288206  3.28706 0.112659 -9.24116 
             17.0997  0.326863 -0.117282 -0.953935 2.89166e-05  -0.0171998  -0.0104073 0 0 0   -0.011 -0.02329  0.04412  -0.00728989 -0.000937066   -0.0023502 -0.000798871 -3.42116e-05   -0.0026731 -0.000773863    0.0206556  -0.00282184  3.28684  0.11262 -9.24124 
             17.1997    0.40043 -0.0807306  -0.942401 -0.000565552    -0.018323   -0.0119688 0 0 0   -0.011 -0.02329  0.04412 -0.00512154 -0.00497068 -0.00475503 -0.000856017 -6.81529e-05  -0.00268814 -0.000836673    0.0207571   -0.0025834  3.28682 0.112544 -9.24125 
             17.2997  0.290031 -0.106298  -0.80295 0.000618819  -0.0198231    -0.01075 0 0 0   -0.011 -0.02329  0.04412 -0.00451506 -0.00919775  -0.0014237 -0.000775251  -4.7201e-05  -0.00281425 -0.000931457    0.0207958  -0.00281199  3.28693 0.112496 -9.24121 
             17.3995  0.447462 -0.121044  -1.12256 -0.00143676   -0.016732  -0.0109189 0 0 0   -0.011 -0.02329  0.04412  -0.00725915   0.00442702 -0.000943797 -0.000890118 -3.29808e-05  -0.00251993 -0.000792027    0.0205439  -0.00285627  3.28688 0.112701 -9.24122 
             17.4997   0.367252 -0.0949807  -0.879557 -0.00048578  -0.0157108  -0.0108547 0 0 0   -0.011 -0.02329  0.04412  -0.00410557  -0.00271146 -0.000234527 -0.000833903 -6.13078e-05  -0.00274282 -0.00091254   0.0204489 -0.00280975  3.28696 0.112759 -9.24119 
             17.5996   0.31427 -0.139631 -0.844754 0.000261329  -0.0125548  -0.0103039 0 0 0   -0.011 -0.02329  0.04412  -0.00451964    0.0135803 -0.000412569 -0.000776178 -1.74092e-05   -0.0027773 -0.000983545    0.0202254  -0.00286735  3.28705 0.112914 -9.24116 
             17.6996   0.436878 -0.0581828   -1.08983 -0.00453774  -0.0113195   -0.012998 0 0 0   -0.011 -0.02329  0.04412 -0.00883814  0.00471322 -0.00471896 -0.000901469 -9.10748e-05  -0.00255711 -0.000705691    0.0202488  -0.00257632   3.2868 0.112952 -9.24125 
             17.7996   0.369891 -0.0577865  -0.878096 -0.00264567  -0.0163844  -0.0116306 0 0 0   -0.011 -0.02329  0.04412 -0.00649093 -0.00100147 -0.00191115 -0.000856677 -8.87644e-05  -0.00275386 -0.000900907    0.0206276  -0.00280736  3.28692 0.112628 -9.24121 
             17.8995   0.428749 -0.0768445   -1.15281 -0.00401613  -0.0158742  -0.0118897 0 0 0   -0.011 -0.02329  0.04412  -0.0056845 -0.00318514 -0.00111106 -0.000910461 -6.86761e-05  -0.00251033 -0.000838487    0.0205978  -0.00281642  3.28689 0.112659 -9.24122 
             17.9997   0.415829 -0.0986124   -1.13693 -0.00204995  -0.0143667  -0.0102572 0 0 0   -0.011 -0.02329  0.04412 -0.00240536  0.00152076  0.00254541 -0.000923665 -4.95033e-05   -0.0025231 -0.000981654    0.0204202  -0.00299895  3.28705 0.112755 -9.24116 
             18.0995   0.313455 -0.0429968  -0.752329 0.00143209   -0.01955 -0.0100933 0 0 0   -0.011 -0.02329  0.04412  0.00511198 -0.00698344   0.0013721 -0.000823399 -9.86754e-05  -0.00287495 -0.00131704   0.0207981 -0.00287526  3.28717 0.112428 -9.24112 
             18.1996   0.298472 -0.0697248  -0.656382 -0.000953085   -0.0180273    -0.012017 0 0 0   -0.011 -0.02329  0.04412  0.00106727 -0.00867117  -0.0021863 -0.000837502 -7.82724e-05  -0.00295827 -0.00112629   0.0206339 -0.00262218  3.28702 0.112601 -9.24117 
             18.2996  0.380272 -0.103448 -0.880931 -0.0014244 -0.0128933 -0.0111817 0 0 0   -0.011 -0.02329  0.04412 -0.00192477   0.0100288 0.000132075 -0.000904603 -4.54497e-05  -0.00275916 -0.00101768   0.0202316 -0.00280046  3.28707 0.112902 -9.24115 
             18.3995   0.365865 -0.0467098  -0.856632 -0.000704105   -0.0136062   -0.0108702 0 0 0   -0.011 -0.02329  0.04412  0.00087259 -0.00234653  0.00102549 -0.000900392 -9.72932e-05  -0.00277913 -0.00107565   0.0203146 -0.00282042   3.2871 0.112831 -9.24114 
             18.4995   0.300746 -0.0869711   -0.75298 -0.00177624  -0.0134605  -0.0108706 0 0 0   -0.011 -0.02329  0.04412 -0.000734151   0.00660212   0.00119233 -0.000845669  -6.3601e-05  -0.00287407 -0.000988277    0.0203203  -0.00284139  3.28704 0.112836 -9.24116 
             18.5995   0.371954 -0.0613615  -0.800563 -0.0021758 -0.0116464 -0.0108234 0 0 0   -0.011 -0.02329  0.04412 -0.000478292  0.000915096   0.00162764 -0.000908286 -9.11769e-05  -0.00283568 -0.000955645    0.0202229  -0.00283124  3.28703 0.112913 -9.24117 
             18.6996   0.355559 -0.0858829   -0.91756 -0.00397351  -0.0139045  -0.0115513 0 0 0   -0.011 -0.02329  0.04412  -0.00551714  1.92493e-05 -0.000688095 -0.000897363 -6.28974e-05  -0.00273111 -0.000862195    0.0204051  -0.00275276 3.28693 0.11279 -9.2412 
             18.7995  0.384763 -0.065976 -0.906778 -0.00280452  -0.0158673  -0.0115509 0 0 0   -0.011 -0.02329  0.04412 -0.000169798  -0.00472375 -0.000202048  -0.00090161 -8.58239e-05  -0.00273577 -0.000996825    0.0205522  -0.00270951    3.287 0.112673 -9.24118 
             18.8995   0.282317 -0.0953826  -0.710779 -0.00235816  -0.0153794  -0.0108429 0 0 0   -0.011 -0.02329  0.04412  -0.0017425 -0.00513555  0.00103986 -0.000835813 -5.97087e-05   -0.0029065 -0.00100702   0.0204528 -0.00280697  3.28704 0.112741 -9.24117 
             18.9995   0.386855 -0.0711674  -0.964546 -0.00198681  -0.0109118  -0.0107542 0 0 0   -0.011 -0.02329  0.04412 0.000168532  0.00995235  0.00108492 -0.000903546 -7.69459e-05    -0.002695 -0.00104642   0.0201304 -0.00277879  3.28708 0.112976 -9.24115 
             19.0995    0.42743 -0.0541194   -1.01847 -0.00184779 -0.00931636 -0.00993648 0 0 0   -0.011 -0.02329  0.04412 0.00205933 0.00294944 0.00419168 -0.000958693 -9.38707e-05  -0.00264599 -0.00102211   0.0200495 -0.00287777  3.28709 0.113033 -9.24114 
             19.1995   0.449339 -0.0961166   -1.12627   0.0021975  -0.0114035 -0.00904168 0 0 0   -0.011 -0.02329  0.04412 0.00867465 0.00672529 0.00282041 -0.000975403 -5.78748e-05  -0.00255489 -0.00131646   0.0202283 -0.00283592  3.28726 0.112882 -9.24109 
             19.2995   0.371972 -0.0812205  -0.895552  0.00179678  -0.0121307 -0.00961981 0 0 0   -0.011 -0.02329  0.04412  0.00642552 -0.00476551  0.00145543 -0.000912858  -7.1949e-05  -0.00275219 -0.00125121   0.0203107 -0.00273816  3.28718 0.112833 -9.24111 
             19.3995   0.328737 -0.0474281   -0.86448 -0.000511955   -0.0117544   -0.0108113 0 0 0   -0.011 -0.02329  0.04412   0.00130308   0.00329391 -0.000787406 -0.000875257 -0.000102199  -0.00278091 -0.00106538   0.0202859  -0.0026242  3.28704  0.11288 -9.24116 
             19.4995   0.385813 -0.0729025  -0.881386 0.00154562 -0.0146159 -0.0103862 0 0 0   -0.011 -0.02329  0.04412  0.00674318   -0.007218 0.000408035 -0.000909136 -8.43327e-05  -0.00276754 -0.00120387    0.020491  -0.0026493  3.28711 0.112714 -9.24114 
             19.5995   0.355354 -0.0754602  -0.865242  0.00283802  -0.0117495 -0.00965145 0 0 0   -0.011 -0.02329  0.04412  0.00488804 0.000169386  0.00155021 -0.000899369 -7.80197e-05  -0.00277987 -0.00122373   0.0202153 -0.00272245  3.28718 0.112902 -9.24111 
             19.6995   0.423544 -0.0966006   -1.03973   0.0027146  -0.0130232 -0.00973146 0 0 0   -0.011 -0.02329  0.04412   0.00503674 -3.75484e-05   0.00112407 -0.000933715 -6.20382e-05  -0.00263972 -0.00118642   0.0203367 -0.00271988  3.28714 0.112822 -9.24113 
             19.7996   0.375662 -0.0897743  -0.985004 -0.00182428  -0.0137345  -0.0114503 0 0 0   -0.011 -0.02329  0.04412  -0.0052783 -0.00748092 -0.00225625 -0.000909496 -7.09796e-05  -0.00267982 -0.000859221    0.0203968  -0.00260285  3.28689 0.112831 -9.24122 
             19.8996   0.382312 -0.0713174  -0.907135 0.00167405 -0.0146127 -0.0101028 0 0 0   -0.011 -0.02329  0.04412   0.00171093   0.00148839 -0.000122611 -0.000898779 -8.55571e-05  -0.00274813  -0.0011198   0.0204032 -0.00271578  3.28708 0.112782 -9.24115 
             19.9995   0.354872 -0.0804808  -0.787482  0.00184416  -0.0156919 -0.00984673 0 0 0   -0.011 -0.02329  0.04412 0.00271273 -0.0129979 0.00224811 -0.000873188 -8.34204e-05  -0.00284644 -0.00110983   0.0204452 -0.00274361  3.28708 0.112753 -9.24115 
             20.0995   0.408035 -0.0710591   -1.02458   0.0037252  -0.0112765 -0.00922917 0 0 0   -0.011 -0.02329  0.04412 0.00464175 0.00657416 0.00234033 -0.000894032 -8.97114e-05  -0.00264778  -0.0011985   0.0200582 -0.00274225  3.28719 0.113011 -9.24111 
             20.1995   0.363539 -0.0700528   -0.86664  0.00228638  -0.0116935 -0.00894871 0 0 0   -0.011 -0.02329  0.04412  0.00146259 -0.00184245  0.00310443 -0.000864718 -9.13994e-05  -0.00278265 -0.00104728    0.020132 -0.00281227   3.2871 0.112976 -9.24114 
             20.2995   0.366934 -0.0592577  -0.849368 -0.00115952  -0.0121692  -0.0104968 0 0 0   -0.011 -0.02329  0.04412  -0.00679457 -0.000838175 -0.000305155 -0.000880595 -9.92771e-05  -0.00279813 -0.00084388   0.0201677 -0.00264036 3.28693 0.11299 -9.2412 
             20.3996   0.421376 -0.0963211   -1.04831 -0.00590761  -0.0135854  -0.0115394 0 0 0   -0.011 -0.02329  0.04412  -0.0145864 -0.00321863 -0.00210851 -0.000922176 -7.05997e-05  -0.00263362 -0.000576456    0.0203059  -0.00263297  3.28674 0.112928 -9.24127 
             20.4995   0.275036 -0.0783762  -0.694991 -0.00179088  -0.0146703  -0.0106825 0 0 0   -0.011 -0.02329  0.04412   -0.0028506  -0.00762762 -0.000817304 -0.000806025 -8.62515e-05  -0.00292436 -0.000951593    0.0202899  -0.00260512  3.28697 0.112893 -9.24119 
             20.5995  0.376512 -0.117726 -0.976067 -0.00106695   -0.016623  -0.0110458 0 0 0   -0.011 -0.02329  0.04412 -0.00166823 -0.00458325 -0.00229587  -0.00087551 -5.16594e-05  -0.00269795 -0.00105771   0.0203911 -0.00253688  3.28701 0.112814 -9.24118 
             20.6996  0.357792 -0.111102 -0.957771 -0.00466769  -0.0163955  -0.0120089 0 0 0   -0.011 -0.02329  0.04412  -0.0093666  -0.0105508 -0.00268749 -0.000869368 -5.98065e-05  -0.00271119 -0.000820865    0.0203431  -0.00253122  3.28687 0.112875 -9.24123 
             20.7995   0.419173 -0.0713128  -0.992628 -0.0064519  -0.014913  -0.012972 0 0 0   -0.011 -0.02329  0.04412  -0.0110285  0.00222898 -0.00455712 -0.000899285 -9.23345e-05  -0.00268341 -0.000774394     0.020205  -0.00245979  3.28684 0.112979 -9.24123 
             20.8995   0.416285 -0.0941243  -0.982166 -0.00541485  -0.0133419  -0.0122643 0 0 0   -0.011 -0.02329  0.04412 -0.00706993 -0.00302692 -0.00170006 -0.000895229 -7.51944e-05  -0.00269006 -0.000884321    0.0200795  -0.00256262  3.28694 0.113048  -9.2412 
             20.9995    0.36002 -0.0890304   -0.89282 -0.00134193  -0.0169556   -0.011185 0 0 0   -0.011 -0.02329  0.04412   0.00133786  -0.00354788 -0.000462251 -0.000860363 -7.76755e-05   -0.0027665 -0.00120301   0.0202662 -0.00260829  3.28712 0.112877 -9.24113 
             21.0996   0.459064 -0.0831517   -1.09997 -0.00235395  -0.0159933  -0.0104065 0 0 0   -0.011 -0.02329  0.04412  0.00030663 -0.00458584  0.00279207  -0.00093371 -8.22776e-05  -0.00259976 -0.00108714   0.0201863 -0.00276035   3.2871 0.112938 -9.24114 
             21.1995   0.356635 -0.0834385  -0.865265 -0.00174104  -0.0157116  -0.0116075 0 0 0   -0.011 -0.02329  0.04412  0.00127738 -0.00376664 -0.00195896 -0.000856019 -8.22244e-05  -0.00279207 -0.00116701   0.0201198 -0.00251883   3.2871 0.112987 -9.24114 
             21.2994   0.452022 -0.0572326  -0.935025  -0.000287  -0.013342 -0.0114227 0 0 0   -0.011 -0.02329  0.04412  0.00485432   0.0040042 -0.00109916 -0.000908164  -0.00010274   -0.0027362 -0.00124591   0.0199495 -0.00252585  3.28718  0.11309 -9.24111 
             21.3995   0.470493 -0.0755025   -1.18268 0.000928817  -0.0155631  -0.0100399 0 0 0   -0.011 -0.02329  0.04412  0.00549346 -0.00781943  0.00297305 -0.000949821 -8.53687e-05  -0.00253216 -0.00126603   0.0200788  -0.0027247  3.28721 0.112986  -9.2411 
             21.4995   0.352303 -0.0570479  -0.796868 -0.00142919  -0.0113262  -0.0115757 0 0 0   -0.011 -0.02329  0.04412 0.000652041  0.00995872  -0.0012824 -0.000839205 -0.000102249  -0.00285156  -0.0010798   0.0198168 -0.00253682   3.2871 0.113205 -9.24114 
             21.5995   0.419472 -0.0803488  -0.977791 0.000447332  -0.0145023  -0.0115818 0 0 0   -0.011 -0.02329  0.04412   0.00363201  -0.00772605 -0.000846706  -0.00091167 -8.31017e-05  -0.00269802 -0.00122934   0.0200402 -0.00251401  3.28715 0.113034 -9.24112 
             21.6996   0.488607 -0.0756295   -1.14768 -0.000191804   -0.0158901   -0.0110326 0 0 0   -0.011 -0.02329  0.04412  0.00104245 -0.00221255 0.000343677 -0.000959825 -8.72179e-05  -0.00256633 -0.00113885   0.0200979 -0.00264699  3.28712 0.112999 -9.24114 
             21.7995   0.371301 -0.0682677  -0.825879  0.00526707  -0.0170739 -0.00905344 0 0 0   -0.011 -0.02329  0.04412  0.0136693 -0.0102361  0.0045005 -0.000859367 -9.72282e-05  -0.00282195 -0.00145897   0.0201038 -0.00275993  3.28733 0.112933 -9.24106 
             21.8994   0.375618 -0.0593531  -0.853463  0.00469458   -0.017984 -0.00942313 0 0 0   -0.011 -0.02329  0.04412  0.00926644 -0.00872814   0.0020144 -0.000876567 -0.000105354   -0.0027977 -0.00134712   0.0201037 -0.00269877  3.28725 0.112957 -9.24109 
             21.9995   0.411154 -0.0722749  -0.823906  0.00600013  -0.0185325 -0.00929341 0 0 0   -0.011 -0.02329  0.04412   0.0109373 -0.00830802  0.00251055 -0.000857068 -9.75428e-05   -0.0028241 -0.00137828   0.0200991 -0.00267128  3.28726 0.112958 -9.24108 
             22.0994   0.422359 -0.0914567   -1.13638  0.00731186  -0.0194223 -0.00799182 0 0 0   -0.011 -0.02329  0.04412 0.00955089 -0.0115889 0.00536894 -0.000896135   -8.004e-05  -0.00257304 -0.00137138   0.0200703 -0.00281197  3.28729 0.112966 -9.24107 
             22.1995   0.294241 -0.0841705   -0.76991  0.00639346  -0.0174746 -0.00809947 0 0 0   -0.011 -0.02329  0.04412 0.00700954  0.0014649 0.00408968 -0.000774939  -9.0261e-05  -0.00287519 -0.00123045    0.019921 -0.00277386  3.28722 0.113087  -9.2411 
             22.2995  0.304153 -0.114096 -0.805928  0.00715224  -0.0150619 -0.00932331 0 0 0   -0.011 -0.02329  0.04412   0.00627852  -0.00170364 -0.000318922 -0.000801506 -6.43947e-05  -0.00284551 -0.00127401   0.0197494 -0.00253355  3.28722 0.113211  -9.2411 
             22.3995   0.348375 -0.0913611  -0.880886 0.00739392 -0.0175916 -0.0101484 0 0 0   -0.011 -0.02329  0.04412  0.00470688  0.00150355 -0.00301362 -0.000839054 -8.24115e-05  -0.00278871 -0.00128119   0.0199291 -0.00245058  3.28719 0.113096 -9.24111 
             22.4994  0.395894 -0.065814 -0.937357  0.00684118  -0.0160457 -0.00958646 0 0 0   -0.011 -0.02329  0.04412  0.00633897 -0.00359883 0.000593847 -0.000865376 -0.000108522  -0.00273992 -0.00116351   0.0198258 -0.00259346  3.28716 0.113172 -9.24112 
             22.5995  0.407165 -0.102597  -1.01356 -0.00154018  -0.0185592  -0.0115197 0 0 0   -0.011 -0.02329  0.04412  -0.0144876 -0.00382893 -0.00276363 -0.000897107 -7.46615e-05   -0.0026822 -0.000599704    0.0200193   -0.0025797  3.28681   0.1131 -9.24124 
             22.6994   0.377426 -0.0719261  -0.885407 0.00343131 -0.0202298 -0.0102213 0 0 0   -0.011 -0.02329  0.04412  -0.00136012  -0.00898903 -0.000374035 -0.000847009   -9.858e-05   -0.0027865 -0.00101057   0.0200704 -0.00261423  3.28705 0.113025 -9.24116 
             22.7994    0.38279 -0.0629601  -0.867172 0.00076536 -0.0197565 -0.0105687 0 0 0   -0.011 -0.02329  0.04412 -0.00554235 -0.00807661 0.000602902 -0.000868423 -0.000108085  -0.00279742 -0.000831769    0.0199759  -0.00263392  3.28696 0.113104 -9.24119 
             22.8994     0.3996 -0.0592282  -0.886143 9.45469e-05  -0.0182495  -0.0111892 0 0 0   -0.011 -0.02329  0.04412 -0.00622571 0.000223396 -0.00131245 -0.000855726 -0.000111337  -0.00278601 -0.000837177    0.0198556  -0.00254722  3.28695 0.113186 -9.24119 
             22.9994  0.420132  -0.03637 -0.903832 0.00045978  -0.015481 -0.0113748 0 0 0   -0.011 -0.02329  0.04412  -0.00202793 -0.000409876  -0.00217859 -0.000880282 -0.000128841   -0.0027678 -0.000884607    0.0196519  -0.00251407    3.287 0.113316 -9.24117 
             23.0995   0.314605 -0.0664451  -0.742257  0.00422411  -0.0149706 -0.00987388 0 0 0   -0.011 -0.02329  0.04412  0.00671641  0.00560653 0.000628003 -0.000798951 -0.000105584  -0.00289816 -0.00111323   0.0196212 -0.00263596  3.28716 0.113307 -9.24112 
             23.1994   0.351694 -0.0513033  -0.885809 0.00192781 -0.0127681 -0.0105281 0 0 0   -0.011 -0.02329  0.04412   0.00222931  0.000863396 -0.000825873 -0.000830657 -0.000117701  -0.00278233 -0.000916871    0.0195172  -0.00261995  3.28705 0.113393 -9.24115 
             23.2995   0.265285 -0.0576029  -0.577307 0.00398106 -0.0161514 -0.0101307 0 0 0   -0.011 -0.02329  0.04412  0.00416988  0.00218293 0.000446425 -0.000763261 -0.000113701   -0.0030221 -0.00104496   0.0197387 -0.00263772  3.28711 0.113238 -9.24113 
             23.3993   0.331076 -0.0773629  -0.716688   0.0081353  -0.0167507 -0.00819729 0 0 0   -0.011 -0.02329  0.04412   0.0115244 -0.00601248  0.00655034 -0.000799185 -0.000100509  -0.00291344 -0.0012601  0.0197595 -0.0027767  3.28726 0.113206 -9.24108 
             23.4995   0.349133 -0.0540693  -0.819212 0.00310922 -0.0160509  -0.010255 0 0 0   -0.011 -0.02329  0.04412 -0.00141575 -0.00265452 0.000776907 -0.000834083 -0.000112441  -0.00283287 -0.000900924    0.0196865  -0.00258461  3.28702 0.113272 -9.24117 
             23.5995   0.368934 -0.0812094  -0.863314 -0.00268936  -0.0108853  -0.0119915 0 0 0   -0.011 -0.02329  0.04412  -0.0120335   0.0104685 -0.00221583 -0.000837581 -9.01181e-05  -0.00280514 -0.000551812    0.0193813  -0.00249509   3.2868 0.113476 -9.24124 
             23.6995  0.442676 -0.068502  -1.06514 -0.00375768   -0.011712  -0.0127123 0 0 0   -0.011 -0.02329  0.04412  -0.0116676 0.000199627 -0.00381037 -0.000920234 -9.90621e-05  -0.00264432 -0.000573642    0.0194639   -0.0024277   3.2868 0.113424 -9.24124 
             23.7994   0.488918 -0.0811715   -1.09332 -0.00600962   -0.015318    -0.01223 0 0 0   -0.011 -0.02329  0.04412   -0.0137941 -0.000988925  -0.00152726 -0.000940751 -8.73688e-05  -0.00262812 -0.000475853    0.0197184  -0.00258068  3.28677 0.113258 -9.24125 
             23.8995    0.36357 -0.0494496  -0.941704 -0.000839894   -0.0120847   -0.0109192 0 0 0   -0.011 -0.02329  0.04412 0.000254389 -0.00159545  0.00108378 -0.000860705 -0.000115628  -0.00274116 -0.000882211    0.0194618  -0.00257846  3.28702 0.113407 -9.24117 
             23.9994   0.359299 -0.0665647  -0.782353 -0.00546485 -0.00994861  -0.0135121 0 0 0   -0.011 -0.02329  0.04412 -0.00934944   0.0099425 -0.00518638 -0.000850318   -0.0001035  -0.00286745 -0.000633314    0.0193606  -0.00234311  3.28683 0.113498 -9.24123 
             24.0994   0.306148 -0.0755593  -0.607145 -0.00159186   -0.011345  -0.0120743 0 0 0   -0.011 -0.02329  0.04412   0.00169271  -0.00185374 -5.10257e-06  -0.00080906 -9.78723e-05   -0.0029977 -0.000906989    0.0194688  -0.00247176    3.287   0.1134 -9.24117 
             24.1995 0.374045 -0.11064 -1.01153 -0.0034648 -0.0100011 -0.0119768 0 0 0   -0.011 -0.02329  0.04412  -0.00655746   0.00567682 -0.000407323 -0.000869935 -6.82524e-05  -0.00268797 -0.000777112     0.019383  -0.00254573  3.28695 0.113462 -9.24119 
             24.2994   0.363992 -0.0702504  -0.826995 -0.00187116  -0.0124938  -0.0115679 0 0 0   -0.011 -0.02329  0.04412  0.00077277 -0.00228501  0.00100151 -0.000848465 -0.000100664   -0.0028292 -0.000907929      0.01957  -0.00254993  3.28701 0.113334 -9.24117 
             24.3994  0.232634 -0.085585 -0.469129  0.00311792  -0.0113668 -0.00921614 0 0 0   -0.011 -0.02329  0.04412  0.00879238 -0.00233887  0.00503185 -0.000773348 -9.13343e-05  -0.00309737 -0.00117545   0.0194325 -0.00270322   3.2872 0.113394  -9.2411 
             24.4995   0.305823 -0.0910078   -0.73953  0.00392757  -0.0141277 -0.00895966 0 0 0   -0.011 -0.02329  0.04412  0.00862375 -0.00213061  0.00375278 -0.000803312 -8.55616e-05   -0.0028968 -0.00118654   0.0196207 -0.00268084   3.2872 0.113276  -9.2411 
             24.5994   0.233287 -0.0742425  -0.639802   0.0127903   -0.014878 -0.00543095 0 0 0   -0.011 -0.02329  0.04412   0.0251768 -0.00933501    0.011209 -0.000787399 -9.72117e-05  -0.00297104 -0.00164364   0.0196024 -0.00286232  3.28749 0.113273   -9.241 
             24.6995   0.367284 -0.0442437  -0.836154   0.0112783  -0.0169126 -0.00772363 0 0 0   -0.011 -0.02329  0.04412   0.0179325 -0.00493729  0.00288428 -0.000879403 -0.000117203  -0.00282561 -0.00145935   0.0196954 -0.00253321  3.28732 0.113215 -9.24106 
             24.7995   0.313117 -0.0737114  -0.653713    0.016044  -0.0128626 -0.00502056 0 0 0   -0.011 -0.02329  0.04412   0.0236339 -0.00387896  0.00908686 -0.000844358 -9.71346e-05  -0.00296093 -0.00160296   0.0193989  -0.0027628  3.28743 0.113406 -9.24102 
             24.8994   0.387266 -0.0707344  -0.950181   0.0118047  -0.0126816 -0.00613741 0 0 0   -0.011 -0.02329  0.04412  0.0105296 0.00377033 0.00575377  -0.00090839 -9.84931e-05  -0.00273917 -0.00121087   0.0193754 -0.00267921   3.2872 0.113404  -9.2411 
             24.9993  0.403915 -0.068578  -0.91674  0.00358051  -0.0153073 -0.00933039 0 0 0   -0.011 -0.02329  0.04412 -0.00752497 -0.00804077 -0.00156454 -0.000908898 -0.000102335  -0.00276399 -0.000672576      0.01955   -0.0024423  3.28687 0.113268 -9.24122 
             25.0994   0.382467 -0.0310156  -0.772332   0.0068585  -0.0134291 -0.00860432 0 0 0   -0.011 -0.02329  0.04412 0.000453248 -0.00250449 -0.00067489 -0.000902925 -0.000127826  -0.00287169 -0.000923924    0.0193691   -0.0024458    3.287 0.113389 -9.24117 
             25.1994   0.321159 -0.0646562  -0.670395  0.00549291 -0.00876293 -0.00901461 0 0 0   -0.011 -0.02329  0.04412   2.6591e-05   0.00860046 -0.000724155 -0.000837046 -0.000107048  -0.00295173 -0.000838474    0.0190941  -0.00243438  3.28695 0.113557 -9.24119 
             25.2994   0.343475 -0.0329514  -0.825606  0.00291544 -0.00927455 -0.00928542 0 0 0   -0.011 -0.02329  0.04412 -0.00519188  0.00109733 -0.00042487 -0.000866425 -0.000129392  -0.00283384 -0.000675605    0.0191543  -0.00247302  3.28687 0.113517 -9.24122 
             25.3994   0.361008 -0.0513029   -0.83291  0.00610029  -0.0107124 -0.00890332 0 0 0   -0.011 -0.02329  0.04412   0.00194257   0.00481858 -0.000315758 -0.000859841 -0.000115216  -0.00282544 -0.000913632     0.019268   -0.0024327  3.28699 0.113451 -9.24118 
             25.4995   0.412166 -0.0550539  -0.868161  0.00391418  -0.0117931 -0.00911516 0 0 0   -0.011 -0.02329  0.04412 -0.00228259 -0.00841499 0.000933306 -0.000905392  -0.00011314  -0.00279959 -0.000754839    0.0193323  -0.00247247 3.28691 0.11341 -9.2412 
             25.5993  0.323167 -0.101952 -0.842462  0.00610336 -0.00947702 -0.00810803 0 0 0   -0.011 -0.02329  0.04412 8.48869e-05  0.00721791  0.00165744 -0.000828718 -7.71977e-05   -0.0028194 -0.000899491    0.0191656  -0.00252777    3.287 0.113509 -9.24117 
             25.6993    0.37203 -0.0536746   -0.85868   0.0074074 -0.00626782 -0.00724915 0 0 0   -0.011 -0.02329  0.04412 0.00545312 0.00475693 0.00433081  -0.00085853 -0.000114888   -0.0028051 -0.000958156     0.018999  -0.00257472  3.28705 0.113607 -9.24115 
             25.7994   0.447471 -0.0379914   -1.04361  0.00612748 -0.00554988 -0.00940322 0 0 0   -0.011 -0.02329  0.04412  0.00153356  0.00889725 -0.00308908 -0.000935477 -0.000124568  -0.00267178 -0.00090787   0.0189902 -0.00229433  3.28696 0.113622 -9.24118 
             25.8994   0.364579 -0.0542801   -0.84943  0.00706863 -0.00527455 -0.00872745 0 0 0   -0.011 -0.02329  0.04412 0.00561031 0.00638582  0.0003745 -0.000855474 -0.000114789   -0.0028167 -0.000929104    0.0190376  -0.00239521  3.28699  0.11359 -9.24117 
             25.9993   0.302959 -0.0628374  -0.758723  0.00784867 -0.00235484  -0.0073079 0 0 0   -0.011 -0.02329  0.04412 0.00373763 0.00875742 0.00430525 -0.000831475 -0.000106231  -0.00288281 -0.000909021    0.0188799  -0.00255242  3.28702 0.113679 -9.24116 
             26.0995   0.426159 -0.0586112  -0.901434  0.00363065 -0.00390477 -0.00803633 0 0 0   -0.011 -0.02329  0.04412 -0.00463188  0.00749349  0.00231144 -0.000889165 -0.000111978  -0.00277664 -0.000637768    0.0190637  -0.00253733  3.28687  0.11359 -9.24122 
             26.1993   0.448171 -0.0750543  -0.960298  0.00294099  -0.0114317 -0.00651837 0 0 0   -0.011 -0.02329  0.04412 -0.00594963  -0.0185316  0.00598621 -0.000931595 -9.97949e-05  -0.00273271 -0.000604218    0.0195116  -0.00271588  3.28685  0.11332 -9.24123 
             26.2993   0.403046 -0.0825376  -0.978033  0.00864999  -0.0127947 -0.00683006 0 0 0   -0.011 -0.02329  0.04412  0.00711543 -0.00743612  0.00107714 -0.00088697 -9.2795e-05 -0.00271806 -0.00104819   0.0194985 -0.00244539  3.28703 0.113306 -9.24116 
             26.3994   0.342068 -0.0620672  -0.735776  0.0145882  -0.016095 -0.0070119 0 0 0   -0.011 -0.02329  0.04412   0.0206589  -0.0243893 -0.00107073 -0.000827627 -0.000110121   -0.0028957 -0.00139578   0.0195908 -0.00228522  3.28717  0.11323 -9.24111 
             26.4993   0.418878 -0.0357652  -0.899371   0.0159155  -0.0149394 -0.00658498 0 0 0   -0.011 -0.02329  0.04412   0.0176267  -0.0117312 9.16011e-05 -0.000899847 -0.000127819  -0.00277735 -0.00132985   0.0193815 -0.00235791  3.28717 0.113354 -9.24111 
             26.5995   0.306181 -0.0701209  -0.771176   0.0141527  -0.0147077 -0.00781178 0 0 0   -0.011 -0.02329  0.04412   0.0126337  -0.0120325 -0.00158208 -0.000805787 -0.000104578  -0.00287567 -0.00111902   0.0193249 -0.00228658  3.28705 0.113409 -9.24115 
             26.6993   0.369816 -0.0667445  -0.907803  0.00843222  -0.0157362 -0.00845782 0 0 0   -0.011 -0.02329  0.04412  -0.00241451   -0.0117966 -0.000638824  -0.00085822 -0.000106026  -0.00277622 -0.000683997    0.0193218  -0.00239455  3.28685  0.11344 -9.24122 
             26.7995   0.429802 -0.0633216  -0.958796  0.00330883  -0.0177621 -0.00937418 0 0 0   -0.011 -0.02329  0.04412   -0.0121625   -0.0109581 -0.000999412 -0.000884048 -0.000109743  -0.00274265  -0.0003904   0.0194106 -0.00241484   3.2867 0.113409 -9.24128 
             26.8995   0.388047 -0.0491986  -0.900888   0.0023621   -0.015314 -0.00909354 0 0 0   -0.011 -0.02329  0.04412   -0.0125298   -0.0103309 -4.07872e-05 -0.000877039 -0.000117715  -0.00278523 -0.000386011    0.0191707  -0.00244457  3.28672 0.113547 -9.24127 
             26.9994   0.453459 -0.0775694   -1.05197 0.000428171 -0.00892311 -0.00850268 0 0 0   -0.011 -0.02329  0.04412 -0.0129357  0.0115618 0.00193284 -0.000909756 -9.67478e-05  -0.00267774 -0.000308599    0.0187671  -0.00252229  3.28673 0.113783 -9.24126 
             27.0993   0.402989 -0.0758994   -1.03478 -0.00187995 -0.00689946 -0.00947378 0 0 0   -0.011 -0.02329  0.04412   -0.0140421   0.00510491 -0.000521264 -0.000882695 -9.81744e-05  -0.00269369 -0.000262354     0.018702  -0.00240101  3.28668  0.11383 -9.24128 
             27.1993     0.3891 -0.0332687  -0.757439 -0.000347829  -0.00859757   -0.0101378 0 0 0   -0.011 -0.02329  0.04412 -0.00856667   0.0066428 -0.00403219 -0.000876287 -0.000125147  -0.00289699 -0.000478825    0.0188281  -0.00225983  3.28675 0.113744 -9.24126 
             27.2994   0.332799 -0.0960141   -0.66448 -0.00236808 -0.00699625  -0.0112454 0 0 0   -0.011 -0.02329  0.04412  -0.0100888  0.00274759 -0.00512088 -0.000817234 -8.42324e-05   -0.0029605 -0.000416976    0.0187762  -0.00219601  3.28672 0.113784 -9.24127 
             27.3994   0.337094 -0.0628785  -0.847333 -0.00331211 -0.00289048  -0.0121899 0 0 0   -0.011 -0.02329  0.04412  -0.0102733   0.0143566 -0.00640619  -0.00083143 -0.000105953  -0.00283091 -0.000418052    0.0185488  -0.00213063  3.28673 0.113916 -9.24126 
             27.4993  0.371399 -0.048992  -0.81029 -0.00269164 -0.00482066  -0.0125994 0 0 0   -0.011 -0.02329  0.04412 -0.00736876  0.00626799 -0.00579484 -0.000840871 -0.000115307  -0.00285841 -0.000527662    0.0187477  -0.00212794  3.28677 0.113794 -9.24125 
             27.5993   0.391212 -0.0361154  -0.909158 0.000824427  -0.0106323  -0.0120957 0 0 0   -0.011 -0.02329  0.04412  0.00234421  -0.0105538 -0.00364303 -0.000868294 -0.000124639  -0.00278547 -0.000780315    0.0190836  -0.00216996  3.28688 0.113584 -9.24121 
             27.6993   0.333932 -0.0900432  -0.838497 0.000650264  -0.0101899  -0.0115227 0 0 0   -0.011 -0.02329  0.04412  0.00150796 -0.00134732  -0.0011199 -0.000815042 -8.58943e-05  -0.00283939 -0.000729479    0.0190272  -0.00229458  3.28688 0.113614 -9.24121 
             27.7993   0.356603 -0.0309375  -0.877356  0.00565207  -0.0121711 -0.00997285 0 0 0   -0.011 -0.02329  0.04412  0.0116804 -0.0132633 0.00239546 -0.000845127 -0.000127048  -0.00280695 -0.000996364    0.0190882   -0.0023736  3.28703 0.113563 -9.24116 
             27.8994   0.433654 -0.0675781  -0.958953 0.00234023 -0.0107934 -0.0106904 0 0 0   -0.011 -0.02329  0.04412  0.00273707 7.66499e-05 0.000793315  -0.00088378 -0.000100503  -0.00275214 -0.000738796    0.0189669  -0.00236467   3.2869 0.113645  -9.2412 
             27.9993   0.467434 -0.0776048   -0.99686  0.00345205  -0.0108232 -0.00918664 0 0 0   -0.011 -0.02329  0.04412 0.00471531  -0.009241  0.0053437 -0.000906071 -9.59534e-05  -0.00272252 -0.000756014    0.0189427  -0.00250826  3.28694 0.113653 -9.24119 
             28.0993   0.345182 -0.0434644  -0.743383 0.00238404 -0.0103593 -0.0103803 0 0 0   -0.011 -0.02329  0.04412   0.00080354 -0.000477161   0.00059969 -0.000812593 -0.000119904    -0.002902 -0.000695345    0.0188796  -0.00233869  3.28688 0.113699 -9.24121 
             28.1994   0.324085 -0.0320946  -0.729416   0.004109 -0.0114534 -0.0110978 0 0 0   -0.011 -0.02329  0.04412  0.00707951 -0.00596636 -0.00119758 -0.000783457  -0.00012835  -0.00291292 -0.000810865    0.0189397  -0.00221014  3.28691 0.113663  -9.2412 
             28.2994   0.358945 -0.0607394  -0.858543   0.0038889   -0.011738 -0.00995939 0 0 0   -0.011 -0.02329  0.04412   0.0033021 -0.00576521   0.0018846 -0.000819206 -0.000108148  -0.00282158 -0.000723634    0.0189022  -0.00238267   3.2869 0.113681  -9.2412 
             28.3993  0.393321 -0.100487  -1.01616 0.00177211   -0.01057 -0.0104446 0 0 0   -0.011 -0.02329  0.04412 -0.000772396   0.00115757  0.000617133 -0.000836798 -7.77893e-05   -0.0027179 -0.000586622    0.0188351  -0.00236061  3.28683 0.113727 -9.24123 
             28.4993   0.297438 -0.0660291  -0.793339  0.00488359 -0.00827285 -0.00982314 0 0 0   -0.011 -0.02329  0.04412   0.00599948 -0.000181303   0.00159772 -0.000789079 -0.000104533  -0.00287143 -0.000763725    0.0186764  -0.00233802  3.28692 0.113806 -9.24119 
             28.5993   0.324735 -0.0847017  -0.693413  0.00527828 -0.00514582 -0.00821908 0 0 0   -0.011 -0.02329  0.04412  0.0044019   0.013249 0.00505098 -0.000796767 -9.17718e-05  -0.00294418 -0.000713394     0.018523  -0.00251064  3.28694 0.113889 -9.24119 
             28.6993   0.383137 -0.0923113  -0.914118  0.00593384 -0.00252824 -0.00696152 0 0 0   -0.011 -0.02329  0.04412 0.00450887 0.00754021 0.00787291 -0.000846308 -8.63287e-05  -0.00278591 -0.00071116   0.0184244 -0.00258526  3.28696 0.113942 -9.24118 
             28.7994  0.496528 -0.055538  -1.13262  0.00268851 -0.00263698 -0.00786685 0 0 0   -0.011 -0.02329  0.04412 -0.00277013   0.0126536  0.00422118  -0.00091979 -0.000111256  -0.00263207 -0.000519259    0.0184961  -0.00247808  3.28684 0.113912 -9.24122 
             28.8994   0.415179 -0.0466625  -0.928941 -0.00100654 -0.00363247 -0.00988539 0 0 0   -0.011 -0.02329  0.04412  -0.00874733   0.00163433 -0.000817071 -0.000848764 -0.000121242  -0.00277745 -0.000355043    0.0186303  -0.00227127  3.28672 0.113852 -9.24127 
             28.9994   0.350084 -0.0780656  -0.893792 -0.000834242  -0.00616792   -0.0121942 0 0 0   -0.011 -0.02329  0.04412 -0.00649243 0.000175346 -0.00788947 -0.000806645 -0.000100082  -0.00279785 -0.000477758    0.0187832  -0.00199433  3.28672 0.113771 -9.24127 
             29.0993   0.448388 -0.0668351   -1.06742 -0.0018662 -0.0115754 -0.0131284 0 0 0   -0.011 -0.02329  0.04412 -0.00696766  -0.0106645 -0.00717203 -0.000858678 -0.000108296   -0.0026801 -0.000476147    0.0191079  -0.00199262  3.28669 0.113596 -9.24128 
             29.1994   0.374251 -0.0298224  -0.907857 -0.00122474  -0.0110669  -0.0124406 0 0 0   -0.011 -0.02329  0.04412 -0.00363471  -0.0115502 -0.00342949 -0.000828505 -0.000134672  -0.00279046 -0.00051283   0.0189873 -0.00211158  3.28674 0.113651 -9.24126 
             29.2993   0.447665 -0.0458266   -0.94499 0.000220344 -0.00930461  -0.0109247 0 0 0   -0.011 -0.02329  0.04412 -0.00127696  0.00166841   0.0020284 -0.000851954 -0.000122611  -0.00276473 -0.000582873    0.0188387  -0.00227844  3.28682 0.113713 -9.24123 
             29.3993    0.39209 -0.0837657  -0.850464 0.000437213  -0.0082107  -0.0100574 0 0 0   -0.011 -0.02329  0.04412 0.000675413 -0.00318333  0.00381592 -0.000819302 -9.94742e-05  -0.00282689 -0.000574567    0.0187565  -0.00234416  3.28684 0.113754 -9.24122 
             29.4993   0.471662 -0.0729215   -1.16056 -0.00259475 -0.00772454  -0.0106052 0 0 0   -0.011 -0.02329  0.04412 -0.00759106   0.0073664   0.0016845 -0.000863275 -0.000101341  -0.00261469 -0.000409395    0.0187537  -0.00231207  3.28676 0.113778 -9.24125 
             29.5993   0.427914 -0.0567681  -0.998395 -0.00121912 -0.00544608  -0.0115287 0 0 0   -0.011 -0.02329  0.04412 -0.00177717  0.00279029 -0.00184789 -0.000832324 -0.000115429  -0.00272939 -0.000552557     0.018643  -0.00213263  3.28681 0.113829 -9.24123 
             29.6993   0.387732 -0.0627333  -0.865135 -0.000667021  -0.00676461   -0.0118316 0 0 0   -0.011 -0.02329  0.04412 0.000353488  0.00396071 -0.00239589  -0.00081266 -0.000111218  -0.00281827 -0.000606471    0.0187307  -0.00210239  3.28682 0.113779 -9.24123 
             29.7993  0.426746 -0.066443 -0.956617 -9.32634e-05  -0.00397334   -0.0118699 0 0 0   -0.011 -0.02329  0.04412  0.00156384  0.00575987 -0.00156234 -0.000824187 -0.000108944  -0.00275634 -0.000625996    0.0185987  -0.00210479  3.28684 0.113843 -9.24122 
             29.8994   0.369282 -0.0415468  -0.861928  0.00238059 -0.00867857  -0.0108674 0 0 0   -0.011 -0.02329  0.04412  0.00628133 -0.00598231  0.00105816 -0.000788101 -0.000126356  -0.00281647 -0.000768003    0.0188617  -0.00219674  3.28689 0.113681 -9.24121 
             29.9993   0.486714 -0.0498965   -1.04102 0.00156634 -0.0156543 -0.0107235 0 0 0   -0.011 -0.02329  0.04412 0.00469167 -0.0167053 0.00235253  -0.00084258 -0.000121886  -0.00269745 -0.000713461    0.0192466  -0.00225452  3.28682 0.113488 -9.24124 
             30.0993   0.339773 -0.0776392   -0.78293  0.00695336  -0.0137747 -0.00801636 0 0 0   -0.011 -0.02329  0.04412  0.0114192 -0.0156087 0.00751466 -0.000747887 -0.000103545   -0.0028693 -0.000945589     0.018987  -0.00241448  3.28698 0.113578 -9.24118 
             30.1993   0.374094 -0.0669564  -0.855257  0.00530069  -0.0140235 -0.00808269 0 0 0   -0.011 -0.02329  0.04412 0.00767471 -0.0055262  0.0061267 -0.000785258  -0.00010859  -0.00282726 -0.000780594    0.0189536  -0.00238807  3.28691 0.113618  -9.2412 
             30.2993   0.358744 -0.0663314   -0.78915  0.00677903  -0.0116894 -0.00759243 0 0 0   -0.011 -0.02329  0.04412 0.00989941 -0.0080548 0.00577774 -0.000774426  -0.00011238  -0.00287034 -0.000807571    0.0187637  -0.00234804  3.28694 0.113715 -9.24119 
             30.3994   0.379285 -0.0880969  -0.854201    0.011282   -0.011209 -0.00694624 0 0 0   -0.011 -0.02329  0.04412  0.0160162 0.00162456 0.00373293 -0.000778506 -9.49264e-05  -0.00282429 -0.00102927   0.0186881 -0.00227705  3.28703 0.113737 -9.24116 
             30.4994   0.497197 -0.0682526   -1.15724 0.00919876 -0.0110294 -0.0076404 0 0 0   -0.011 -0.02329  0.04412   0.0117205 -0.00361326   0.0030538 -0.000864109 -0.000109511  -0.00261339 -0.000820115    0.0186962  -0.00223044  3.28693 0.113751 -9.24119 
             30.5993   0.373799 -0.0334329   -0.93824 0.00922648 -0.0122866  -0.007577 0 0 0   -0.011 -0.02329  0.04412  0.00731233 -0.00330143  0.00210257 -0.000800247 -0.000130438  -0.00276392 -0.000759727    0.0187415  -0.00222845   3.2869 0.113732  -9.2412 
             30.6993   0.376764 -0.0951061  -0.772253   0.0109659   -0.011583 -0.00693029 0 0 0   -0.011 -0.02329  0.04412   0.0109857 -0.00150796   0.0038232 -0.000793038 -9.15264e-05  -0.00287965 -0.000806277    0.0186904  -0.00225311  3.28693 0.113753 -9.24119 
             30.7992   0.387098 -0.0801648  -0.932278   0.0139485  -0.0104944 -0.00577709 0 0 0   -0.011 -0.02329  0.04412   0.0131504 -0.00277643  0.00505292 -0.000807963 -0.000104208    -0.002768 -0.000899983    0.0185892  -0.00229713  3.28698 0.113795 -9.24117 
             30.8992   0.320177 -0.0682001   -0.69665   0.0073446  -0.0128562 -0.00782184 0 0 0   -0.011 -0.02329  0.04412  -0.00307685 -0.000776419  -0.00018698 -0.000753389 -0.000110348  -0.00292942 -0.000476587    0.0187659  -0.00219197  3.28676 0.113745 -9.24125 
             30.9994    0.28315 -0.0700035  -0.627496  0.00859916 -0.00630734 -0.00778392 0 0 0   -0.011 -0.02329  0.04412  0.00241677  0.00461345 0.000713003 -0.000741663 -0.000113786  -0.00297277 -0.000539655    0.0183599  -0.00214252  3.28681 0.113948 -9.24123 
             31.0993   0.343527 -0.0784672  -0.806704   0.0107739 -0.00373744 -0.00811086 0 0 0   -0.011 -0.02329  0.04412  0.00483973   0.0169842 -0.00235255 -0.000774024 -0.000106735  -0.00285453 -0.000670379    0.0182605  -0.00205767  3.28686 0.113994 -9.24121 
             31.1999   0.281682 -0.0444808  -0.546676  0.00840979 -0.00164159 -0.00739309 0 0 0   -0.011 -0.02329  0.04412 0.00192377 0.00964724 0.00231216 -0.000745337 -0.000129386  -0.00302914 -0.000465377    0.0182232  -0.00221711   3.2868 0.114015 -9.24124 
             31.2993   0.385265 -0.0313526  -0.863191  0.00113674 -0.00399202 -0.00965427 0 0 0   -0.011 -0.02329  0.04412  -0.0139552  0.00733565 -0.00251476 -0.000827413 -0.000134663  -0.00281518 -7.3925e-05   0.0184165 -0.00210006   3.2866 0.113916 -9.24131 
             31.3993   0.399003 -0.0784994  -0.893031  0.00216852 -0.00896248 -0.00964993 0 0 0   -0.011 -0.02329  0.04412 -0.00890749 -0.00675354 -0.00257336 -0.000817802 -0.000104598  -0.00279656 -0.000208171    0.0187422  -0.00207952  3.28667 0.113756 -9.24128 
             31.4994   0.415254 -0.0650512   -1.02179  0.00394561  -0.0108427 -0.00915412 0 0 0   -0.011 -0.02329  0.04412  -0.00433013   -0.0100445 -0.000874067 -0.000851441 -0.000110817  -0.00270969 -0.000354667    0.0187911   -0.0021024  3.28674 0.113737 -9.24126 
             31.5992   0.349542 -0.0739113  -0.796231   0.0011893  -0.0115077 -0.00895475 0 0 0   -0.011 -0.02329  0.04412  -0.0083269 -0.00596218  0.00106169 -0.000801238 -0.000107224  -0.00286486 -0.000194844    0.0187957  -0.00219006  3.28669  0.11373 -9.24128 
             31.6992    0.413988 -0.00947392   -0.911158 -0.000407856   -0.0101882  -0.00999795 0 0 0   -0.011 -0.02329  0.04412 -0.00887458 -0.00973773  -0.0018606 -0.000873103 -0.000146365  -0.00278481 -0.000168507    0.0186554  -0.00207811  3.28666 0.113801 -9.24129 
             31.7993   0.307942 -0.0745653  -0.677791  0.00598403 -0.00877582 -0.00914572 0 0 0   -0.011 -0.02329  0.04412   0.0061248  0.00313411 -0.00149259 -0.000777524 -0.000103664  -0.00294193 -0.000594725    0.0185368  -0.00203833  3.28684 0.113858 -9.24122 
             31.8992   0.299984 -0.0668257  -0.671005  0.00174138 -0.00892676 -0.00961592 0 0 0   -0.011 -0.02329  0.04412 -0.00255011 -0.00648881 -0.00015054 -0.000778939 -0.000110372  -0.00294642 -0.000302039    0.0185506  -0.00210281  3.28672 0.113854 -9.24127 
             31.9994   0.338749 -0.0340194  -0.746485 -0.000984414     -0.01436   -0.0114255 0 0 0   -0.011 -0.02329  0.04412 -0.00831015 -0.00840138  -0.0045124 -0.000822303 -0.000128466   -0.0028974 -0.000196986    0.0188374  -0.00195887  3.28665 0.113715 -9.24129 
             32.0993   0.382455 -0.0436439  -0.778623 0.00424341 -0.0150656 -0.0102172 0 0 0   -0.011 -0.02329  0.04412  0.00482926  -0.0156574 -0.00126533 -0.000854275 -0.000122233  -0.00287644 -0.000526782    0.0188108   -0.0020123   3.2868  0.11373 -9.24124 
             32.1993   0.446542 -0.0984476   -1.13292  0.00422819  -0.0167294 -0.00906185 0 0 0   -0.011 -0.02329  0.04412 0.00315873 -0.0130587 0.00119221 -0.000907747 -8.25984e-05  -0.00263795 -0.000468933    0.0188114  -0.00217401   3.2868 0.113727 -9.24124 
             32.2993   0.361062 -0.0857787  -0.919093  0.00453679  -0.0170366 -0.00825852 0 0 0   -0.011 -0.02329  0.04412  0.00310297 -0.00982687  0.00304717 -0.000842515 -9.20355e-05  -0.00279193 -0.000449349    0.0187762   -0.0022543  3.28681 0.113743 -9.24124 
             32.3993   0.392305 -0.0294596  -0.806715 0.000641989  -0.0121799  -0.0111829 0 0 0   -0.011 -0.02329  0.04412 -0.00366766  -0.0019301 -0.00488747 -0.000877593 -0.000130283   -0.0028625 -0.000265383    0.0184281  -0.00197771  3.28669 0.113919 -9.24128 
             32.4992   0.342903 -0.0847576  -0.817846  0.00745604 -0.00797817   -0.010314 0 0 0   -0.011 -0.02329  0.04412   0.0124031   0.0130335 -0.00294236 -0.000823089 -9.38586e-05   -0.0028594 -0.000661025    0.0182025  -0.00195922  3.28686 0.114018 -9.24121 
             32.5994   0.314632 -0.0749046  -0.732406  0.00615754 -0.00659876 -0.00896468 0 0 0   -0.011 -0.02329  0.04412 0.00518788  0.0046554   0.002402 -0.000825016  -9.8535e-05  -0.00291583 -0.000476093    0.0181741  -0.00219001  3.28682 0.114033 -9.24123 
             32.6994   0.416611 -0.0410881  -0.915608 -0.000274472   -0.0108235   -0.0108542 0 0 0   -0.011 -0.02329  0.04412 -0.00854068  0.00194893 -0.00112663 -0.000889503  -0.00011724  -0.00279367 -0.000113943    0.0184653  -0.00211065  3.28664 0.113907 -9.24129 
             32.7994   0.357452 -0.0687624  -0.715199 -0.00317469 -0.00964267  -0.0124792 0 0 0   -0.011 -0.02329  0.04412  -0.0105425 -0.00284613 -0.00343452 -0.000836524 -0.000103935  -0.00292351 -9.87817e-06    0.0184045  -0.00198547  3.28658 0.113943 -9.24131 
             32.8993   0.331987 -0.0486062  -0.713197 -0.0022907 -0.0077551 -0.0115691 0 0 0   -0.011 -0.02329  0.04412 -0.00909271  0.00525144 -0.00182857 -0.000831988 -0.000113862  -0.00292788 -9.82133e-05    0.0182736  -0.00208465  3.28664    0.114 -9.24129 
             32.9993   0.410506 -0.0657242  -0.851274 -0.00809855 -0.00844541  -0.0132195 0 0 0   -0.011 -0.02329  0.04412   -0.015454 0.000488127 -0.00385586 -0.000871332  -0.00010291   -0.0028347 0.000171336   0.0183584 -0.00202843  3.28651 0.113965 -9.24134 
             33.0993    0.56548 -0.0418263   -1.25048  -0.0105977 -0.00870001  -0.0143185 0 0 0   -0.011 -0.02329  0.04412    -0.01818 -0.00372377 -0.00588658 -0.000982595 -0.000116121   -0.0025684 0.000202258   0.0183537 -0.00196694  3.28649 0.113969 -9.24135 
             33.1995   0.447746 -0.0561514   -1.04302 -0.00426357 -0.00935148  -0.0112274 0 0 0   -0.011 -0.02329  0.04412 -0.00215461   0.0015291  0.00191038 -0.000894072 -0.000107336  -0.00271115 -0.000201547    0.0183747   -0.0021939   3.2867 0.113947 -9.24127 
             33.2993   0.325869 -0.0824589  -0.857508 0.000602356 -0.00604413  -0.0102801 0 0 0   -0.011 -0.02329  0.04412 0.00769763 0.00218861 0.00291303 -0.000833264 -9.07729e-05  -0.00283138 -0.000479975    0.0181569  -0.00215875  3.28682 0.114038 -9.24123 
             33.3993   0.376594 -0.0394321  -0.830022  0.00449127 -0.00483639  -0.0109971 0 0 0   -0.011 -0.02329  0.04412    0.0143406    0.0113651 -0.000967767 -0.000862799 -0.000116882  -0.00285488 -0.000684355    0.0181114  -0.00198825  3.28688 0.114052 -9.24121 
             33.4994   0.333808 -0.0707371  -0.796423  0.00609139 -0.00459416  -0.0103955 0 0 0   -0.011 -0.02329  0.04412  0.0151342 0.00160978 0.00108142 -0.000841125 -9.93831e-05  -0.00287909 -0.000674499    0.0181417  -0.00206245  3.28689 0.114036  -9.2412 
             33.5993   0.264561 -0.0427747  -0.651166  0.00670948 -0.00712694  -0.0101798 0 0 0   -0.011 -0.02329  0.04412  0.0121461 0.00303484 0.00123178 -0.000811502 -0.000114294  -0.00297382 -0.000629384    0.0183043  -0.00209916  3.28686 0.113964 -9.24122 
             33.6993   0.225492 -0.0532704  -0.422025  0.00867814  -0.0140176 -0.00855536 0 0 0   -0.011 -0.02329  0.04412  0.0156243 -0.0167426 0.00542578 -0.000775183 -0.000111402  -0.00312477 -0.000646378    0.0186905  -0.00225436  3.28686 0.113779 -9.24122 
             33.7993   0.349193 -0.0733578  -0.751925  0.00902002  -0.0137119 -0.00840631 0 0 0   -0.011 -0.02329  0.04412   0.011253 -0.0124175 0.00446285 -0.000870986 -9.46431e-05  -0.00290465 -0.000593552    0.0185725  -0.00222849  3.28684 0.113836 -9.24122 
             33.8993   0.349705 -0.0714701  -0.819538    0.009658  -0.0148203 -0.00735612 0 0 0   -0.011 -0.02329  0.04412  0.0119691 -0.0102855  0.0069885 -0.000857715 -9.52694e-05  -0.00286419 -0.00054897   0.0185902 -0.00230358  3.28683 0.113828 -9.24123 
             33.9993    0.31282 -0.0539738  -0.701543   0.0103981  -0.0102441 -0.00698167 0 0 0   -0.011 -0.02329  0.04412   0.0101804 -0.00376085  0.00643086 -0.000864809 -0.000106866  -0.00293767 -0.000541188    0.0182541  -0.00227458  3.28681 0.113984 -9.24123 
             34.0993    0.44694 -0.0668624  -0.919011  0.00751905  -0.0131813 -0.00802259 0 0 0   -0.011 -0.02329  0.04412  0.00271699 -0.00303361  0.00301883 -0.000937618  -9.5952e-05  -0.00280253 -0.000330423     0.018412  -0.00217887  3.28672 0.113897 -9.24126 
             34.1993   0.307674 -0.0603614  -0.685027  0.00673296  -0.0149107 -0.00960568 0 0 0   -0.011 -0.02329  0.04412  0.00171922   -0.014226 -0.00130535 -0.000862829 -0.000101069  -0.00295283 -0.000290424    0.0184641  -0.00199639  3.28668 0.113869 -9.24128 
             34.2995   0.369875 -0.0340719   -0.93277 0.00352675  -0.015083 -0.0105562 0 0 0   -0.011 -0.02329  0.04412 -0.00498689 -0.00358831 -0.00337992 -0.000909998 -0.000113222  -0.00279075 -0.00010379    0.018411 -0.00197913   3.2866 0.113881 -9.24131 
             34.3993   0.359172 -0.0478375  -0.806624 -0.00225347 -0.00945283  -0.0128008 0 0 0   -0.011 -0.02329  0.04412  -0.0141159  0.00097613 -0.00632296 -0.000896426 -0.000106759  -0.00287237 0.000161466   0.0180679 -0.00187364  3.28646 0.114022 -9.24136 
             34.4995   0.413417 -0.0279979  -0.897305 0.00305842 -0.0131003 -0.0111311 0 0 0   -0.011 -0.02329  0.04412 -0.000156823  -0.00273436  -0.00213701 -0.000935454 -0.000120438  -0.00281126 -0.000187183    0.0182688  -0.00198173  3.28662 0.113946  -9.2413 
             34.5992  0.387442 -0.068408 -0.909742 0.00287125 -0.0126502  -0.011401 0 0 0   -0.011 -0.02329  0.04412 -0.000364156  -0.00270981  -0.00151191 -0.000896728 -9.42053e-05  -0.00280562 -0.000185013    0.0182429  -0.00197671  3.28662 0.113957  -9.2413 
             34.6994   0.321925 -0.0367096  -0.819311 0.00228595 -0.0138162 -0.0105758 0 0 0   -0.011 -0.02329  0.04412 -0.00244613 -0.00593351  0.00161975 -0.000867222 -0.000114768  -0.00285999 -0.00013028   0.0182732 -0.00209047  3.28662 0.113942  -9.2413 
             34.7994   0.337492 -0.0506291   -0.64928  0.00597009 -0.00996552 -0.00799037 0 0 0   -0.011 -0.02329  0.04412  0.0062552 0.00739926 0.00723019 -0.000868404 -0.000107593  -0.00297443 -0.000303164    0.0180439  -0.00226658  3.28672  0.11404 -9.24126 
             34.8992  0.244413 -0.107813 -0.549554  0.00696436 -0.00796771 -0.00817374 0 0 0   -0.011 -0.02329  0.04412  0.0057344 0.00253608 0.00459407 -0.000818846 -7.02654e-05  -0.00303642 -0.000344465     0.017951  -0.00216164  3.28672 0.114083 -9.24126 
             34.9999   0.321823 -0.0667909  -0.810528  0.00706096  -0.0159643 -0.00683031 0 0 0   -0.011 -0.02329  0.04412  0.00411633 -0.00591226  0.00674825 -0.000868196 -9.37116e-05  -0.00286781 -0.000297754    0.0184271  -0.00227466  3.28672 0.113869 -9.24127 
             35.0993   0.252343 -0.0550747  -0.528133  0.00680874   -0.016431 -0.00796568 0 0 0   -0.011 -0.02329  0.04412 0.00646828 -0.0144539 0.00331266 -0.000821809 -0.000104983  -0.00305081 -0.000281744    0.0184007  -0.00209198  3.28668 0.113881 -9.24128 
             35.1994   0.406182 -0.0730318  -0.879223  0.00485114  -0.0151036 -0.00756754 0 0 0   -0.011 -0.02329  0.04412 -0.000635875  -0.00440823   0.00234936 -0.000927379 -9.14934e-05  -0.00282568 -0.000142535    0.0182496  -0.00215598  3.28663 0.113943  -9.2413 
             35.2993   0.385781 -0.0303131  -0.896342   0.0016321  -0.0136378 -0.00995987 0 0 0   -0.011 -0.02329  0.04412 -0.00296757 -0.00469744 -0.00345926   -0.0009067 -0.000119824  -0.00281498 -5.40022e-06    0.0181447  -0.00193389  3.28654 0.113977 -9.24133 
             35.3993    0.32959 -0.0661748  -0.809508 0.000318051  -0.0105274 -0.00973465 0 0 0   -0.011 -0.02329  0.04412 -0.00649959  0.00406833  -0.0011246 -0.000893673 -9.54714e-05  -0.00287219 5.21564e-05   0.0179359 -0.00201269  3.28651 0.114067 -9.24134 
             35.4994   0.409367 -0.0806955  -0.940816 -0.00400003  -0.0095425  -0.0125093 0 0 0   -0.011 -0.02329  0.04412  -0.0149246  0.00759803 -0.00793997 -0.000935284 -8.70485e-05  -0.00279057  0.00020332   0.0179174 -0.00181116  3.28643 0.114065 -9.24137 
             35.5994   0.414092 -0.0559348  -0.975852 -0.00158352  -0.0151622  -0.0103884 0 0 0   -0.011 -0.02329  0.04412  -0.00724841  -0.00977296 -0.000461219 -0.000943957 -0.000102837  -0.00276133 5.04645e-05   0.0182441 -0.00203539  3.28653 0.113929 -9.24133 
             35.6993  0.401741 -0.076548  -1.02724 0.00203905 -0.0161232 -0.0094248 0 0 0   -0.011 -0.02329  0.04412  0.00192275 -0.00148586 0.000314553 -0.000932327 -9.15761e-05  -0.00273093 -0.000174379    0.0182682  -0.00205302  3.28662 0.113922  -9.2413 
             35.7992   0.365085 -0.0537763  -0.864915 0.000147168  -0.0166623  -0.0110624 0 0 0   -0.011 -0.02329  0.04412 -0.00130467    -0.01123 -0.00310738 -0.000914266 -0.000106605  -0.00283832 -8.93976e-05    0.0182689  -0.00191388  3.28657 0.113924 -9.24132 
             35.8992   0.418359 -0.0412545  -0.946212  0.0015716 -0.0148019 -0.0109502 0 0 0   -0.011 -0.02329  0.04412  0.00143813  0.00219635 -0.00239376 -0.000940755 -0.000114272  -0.00278596 -0.000168604    0.0181164  -0.00192307  3.28661 0.113986  -9.2413 
             35.9991   0.402757 -0.0790652  -0.884676 0.00138144 -0.0113711 -0.0113297 0 0 0   -0.011 -0.02329  0.04412  0.00066332  0.00243087 -0.00232088 -0.000936257  -9.1748e-05  -0.00282502  -0.0001391    0.017934 -0.00191122  3.28661 0.114066  -9.2413 
             36.0992   0.283301 -0.0605621  -0.718173  0.00510899   -0.011318 -0.00960984 0 0 0   -0.011 -0.02329  0.04412 0.00632459 0.00563404 0.00144486 -0.000863737 -0.000104368  -0.00293468 -0.000309056    0.0179268  -0.00204479  3.28669 0.114051 -9.24127 
             36.1994   0.419607 -0.0102977  -0.847487  0.00080104 -0.00933844 -0.00894466 0 0 0   -0.011 -0.02329  0.04412 -0.00163474  0.00685226  0.00528099 -0.000927597 -0.000135742  -0.00285017 2.22524e-06   0.0178756 -0.00219237   3.2866 0.114092 -9.24131 
             36.2992  0.360037 -0.066781 -0.898463  0.00128582    -0.01675 -0.00929794 0 0 0   -0.011 -0.02329  0.04412 -0.000653783   -0.0121757   0.00210658 -0.000911244 -0.000102531  -0.00281264 -7.49634e-05      0.01829  -0.00210405  3.28658 0.113915 -9.24131 
             36.3993   0.441277 -0.0754725    -1.0147  0.00452997  -0.0170507 -0.00876316 0 0 0   -0.011 -0.02329  0.04412  0.00668202 -0.00526965  0.00186388 -0.000940086 -9.61188e-05  -0.00274442 -0.000268303    0.0182529  -0.00207727  3.28665 0.113919 -9.24129 
             36.4993     0.4455 -0.0232606   -1.10818  0.00203332  -0.0185361 -0.00992475 0 0 0   -0.011 -0.02329  0.04412   0.00224254   -0.0152139 -0.000244108 -0.000968054 -0.000130984  -0.00268179 -0.000104186    0.0182933  -0.00199257  3.28658 0.113916 -9.24132 
             36.5993   0.430311 -0.0173313  -0.968429  0.00270748  -0.0203538 -0.00953813 0 0 0   -0.011 -0.02329  0.04412  0.00278374 -0.00802857 0.000668756 -0.000948228 -0.000134494  -0.00277234 -0.000128166    0.0183273   -0.0020256  3.28659 0.113899 -9.24131 
             36.6999   0.388555 -0.0848748  -0.996681 0.00342686 -0.0211498 -0.0103128 0 0 0   -0.011 -0.02329  0.04412   0.00411067   -0.0153654 -0.000925072 -0.000925355 -9.21214e-05  -0.00275597 -0.000171127     0.018314  -0.00193113  3.28659 0.113904 -9.24131 
             36.7998  0.364198 -0.038171 -0.869511   0.0076016  -0.0219168 -0.00724111 0 0 0   -0.011 -0.02329  0.04412   0.0094252 -0.00800507  0.00599276 -0.000914096  -0.00012088  -0.00283523 -0.000315892    0.0182483  -0.00218461  3.28669 0.113903 -9.24128 
             36.8998   0.441743 -0.0219274  -0.956126  0.00312927  -0.0179777 -0.00886583 0 0 0   -0.011 -0.02329  0.04412  0.00283521 -0.00306086  0.00261798 -0.000944121 -0.000130934  -0.00278095 -2.09576e-05    0.0180263  -0.00205287  3.28659 0.114034 -9.24131 
             36.9993   0.357376 -0.0505698  -0.860156    0.003913  -0.0168604 -0.00848776 0 0 0   -0.011 -0.02329  0.04412   0.0038802 0.000520001  0.00235114 -0.000912123 -0.000112179  -0.00284113 -3.7936e-05   0.0179357 -0.00205156  3.28661 0.114069  -9.2413 
             37.0993   0.396827 -0.0320231  -0.933465 -0.000121687   -0.0204947   -0.0112069 0 0 0   -0.011 -0.02329  0.04412 -0.00459828 -0.00441324 -0.00477839 -0.000932159 -0.000120141  -0.00279884 0.000133499   0.0181826 -0.00184241  3.28649    0.114 -9.24135 
             37.1991    0.50739 -0.0386143   -1.31737 -0.00409851  -0.0205748  -0.0123231 0 0 0   -0.011 -0.02329  0.04412  -0.0102154  -0.0087787 -0.00461309  -0.00102331 -0.000115747  -0.00255189 0.000321495   0.0181525  -0.0018375  3.28642 0.114034 -9.24137 
             37.2993   0.378839 -0.0237689  -0.822044 -0.00932646  -0.0122467  -0.0140412 0 0 0   -0.011 -0.02329  0.04412  -0.0191313   0.0158459 -0.00664159 -0.000935534  -0.00012644  -0.00287829 0.000589196   0.0177035 -0.00176296  3.28637 0.114249 -9.24138 
             37.3993   0.425129 -0.0775291   -1.02912 -0.0108299 -0.0113373 -0.0134712 0 0 0   -0.011 -0.02329  0.04412  -0.0186578  0.00689511 -0.00284504 -0.00097489 -9.0816e-05 -0.00273657 0.000584949   0.0177056 -0.00188198  3.28639 0.114241 -9.24138 
             37.4992   0.516493 -0.0221676   -1.27167 -0.0145812 -0.0174016 -0.0150535 0 0 0   -0.011 -0.02329  0.04412  -0.0215407  0.00154398 -0.00582938  -0.00103107 -0.000125076  -0.00259575 0.000631983   0.0181094 -0.00180959  3.28631 0.114093 -9.24141 
             37.5993   0.385185 0.00257543  -0.985848 -0.0114731 -0.0138072 -0.0142721 0 0 0   -0.011 -0.02329  0.04412  -0.0119359 0.000558832 -0.00404777 -0.000956622 -0.000139872  -0.00278103 0.000389716   0.0178697 -0.00183174  3.28643 0.114148 -9.24136 
             37.6998   0.405406 -0.0203974   -1.03775 -0.0116191 -0.0127623 -0.0152215 0 0 0   -0.011 -0.02329  0.04412  -0.0131767  0.00678669 -0.00698148 -0.000981956  -0.00012727  -0.00275229 0.000311632   0.0178044 -0.00175584  3.28646 0.114165 -9.24135 
             37.7997  0.391338 -0.046986  -0.99064 -0.00643482  -0.0065272  -0.0138548 0 0 0   -0.011 -0.02329  0.04412 -0.00556176   0.0179215 -0.00590075 -0.000964765  -0.00011768  -0.00278062 2.40891e-06   0.0174615 -0.00183291  3.28663 0.114234 -9.24129 
             37.8993    0.280847 -0.00696122   -0.847396 -0.00517523 -0.00641782   -0.014334 0 0 0   -0.011 -0.02329  0.04412  0.00274122    0.014544 -0.00441417 -0.000922877 -0.000151236  -0.00286111 -9.16799e-05    0.0175243  -0.00180725  3.28665 0.114194 -9.24129 
             37.9992   0.392159 -0.0539047  -0.956911 -0.00196745   -0.007788    -0.01292 0 0 0   -0.011 -0.02329  0.04412 0.0137126 0.0111882 0.0027089 -0.000985293 -0.000119385  -0.00281905 -0.000237146    0.0176575  -0.00194659   3.2867 0.114111 -9.24127 
             38.0997  0.439254 -0.042649  -1.07031  -0.0060911 -0.00721737   -0.014353 0 0 0   -0.011 -0.02329  0.04412   0.00201476   0.00460622 -0.000113246  -0.00102297 -0.000129767  -0.00274178 4.65097e-05   0.0177241 -0.00187941  3.28658 0.114135 -9.24131 
             38.1992   0.418992 -0.0648594   -1.04062 -0.00591385  -0.0130293  -0.0127764 0 0 0   -0.011 -0.02329  0.04412  0.00203293 -0.00266101   0.0036947  -0.00101262 -0.000112876  -0.00276016 4.42589e-05   0.0180663 -0.00206219  3.28656 0.113997 -9.24132 
             38.2994   0.406466 -0.0371768  -0.984799 -0.00370967  -0.0128934  -0.0125613 0 0 0   -0.011 -0.02329  0.04412  0.00423693 -0.00521268 0.000653929  -0.00100023 -0.000135434  -0.00279595 -7.03724e-05     0.018039  -0.00201448   3.2866 0.113992 -9.24131 
             38.3993   0.487259 -0.0483175   -1.38972 -0.00307783  -0.0121594  -0.0130573 0 0 0   -0.011 -0.02329  0.04412   0.00381253  -0.00124197 -7.12487e-05  -0.00110007 -0.000127478  -0.00255563 -9.70271e-05      0.01795  -0.00193975  3.28661 0.114025  -9.2413 
             38.4993  0.433041 -0.121338  -1.11964 -0.00212619  -0.0141695  -0.0115223 0 0 0   -0.011 -0.02329  0.04412    0.0166767 -0.000416777   0.00827411  -0.00105686 -8.58333e-05  -0.00273397 -7.98832e-05    0.0180631  -0.00208558   3.2866 0.113979 -9.24131 
             38.5997   0.297456 -0.0411986  -0.912149 0.00141297 -0.0167977 -0.0104407 0 0 0   -0.011 -0.02329  0.04412  0.0241657 -0.0164517  0.0109304 -0.000979107 -0.000134446  -0.00287988  -0.0001743   0.0181576 -0.00208179  3.28662 0.113928  -9.2413 
             38.6993  0.368813 -0.099707 -0.988539  0.0047247 -0.0195151 -0.0112573 0 0 0   -0.011 -0.02329  0.04412  0.0292094 -0.0106235 0.00679686  -0.00101794 -8.88755e-05  -0.00283069 -0.000271251    0.0182267  -0.00188448  3.28661 0.113894  -9.2413 
             38.7993    0.52887 -0.0672702   -1.34466 0.00329481  -0.020628 -0.0123838 0 0 0   -0.011 -0.02329  0.04412  0.0194993  -0.016607 0.00227473   -0.0011028 -0.000101171  -0.00260214 -5.31767e-05    0.0182619  -0.00179058  3.28652 0.113928 -9.24133 
             38.8993   0.475424 -0.0522997   -1.27081 -0.00318856  -0.0170983  -0.0130907 0 0 0   -0.011 -0.02329  0.04412 0.000741954 -0.00353588  0.00106309  -0.00107389 -0.000102962  -0.00263503 0.000441147   0.0180634 -0.00183591  3.28641 0.114095 -9.24137 
             38.9993   0.408959 -0.0588436   -1.08439 -0.00621136  -0.0159373  -0.0134604 0 0 0   -0.011 -0.02329  0.04412  -0.00772684  -0.00133077 -0.000344313  -0.0010259 -0.00010089 -0.00275744 0.000616485   0.0180277 -0.00183692  3.28636 0.114145 -9.24139 
             39.0999   0.391796 -0.0350783  -0.996055 -0.0042197 -0.0124479 -0.0134034 0 0 0   -0.011 -0.02329  0.04412   0.00143493   0.00800632 -6.27163e-05    -0.001027 -0.000116209  -0.00281888 0.000502951   0.0177892  -0.0017752  3.28644 0.114204 -9.24136 
             39.1994   0.465121 -0.0423574   -1.21865 -0.00196095 -0.00748327  -0.0127426 0 0 0   -0.011 -0.02329  0.04412 0.000477308   0.0113486 0.000903269  -0.00106776 -0.000108687  -0.00269281 0.000411064   0.0175266 -0.00178726  3.28653  0.11427 -9.24133 
             39.2993   0.333296 -0.0373342  -0.872771 -0.00496094 -0.00675006  -0.0142693 0 0 0   -0.011 -0.02329  0.04412  -0.0117513   0.0149987 -0.00562412 -0.000988058 -0.000114604  -0.00289414  0.00054185   0.0175862 -0.00169528  3.28647 0.114287 -9.24135 
             39.3993   0.432212 -0.0550175   -1.08433 -0.00301808  -0.0104162   -0.013556 0 0 0   -0.011 -0.02329  0.04412   0.00678133   0.00252094 -0.000469975  -0.00104248 -0.000111832  -0.00276491 0.000356224   0.0178313 -0.00178863  3.28648 0.114155 -9.24135 
             39.4997   0.405081 -0.0675703   -1.08651 -0.00181476  -0.0117279  -0.0130079 0 0 0   -0.011 -0.02329  0.04412   0.0104561 -0.00345687  0.00561181  -0.00102855 -0.000111477  -0.00276197 0.000345568   0.0179068 -0.00181527  3.28647 0.114125 -9.24135 
             39.5993   0.427062 -0.0095769    -1.0944 0.000596357  -0.0118599  -0.0123296 0 0 0   -0.011 -0.02329  0.04412 0.00605211 0.00413205 0.00100989  -0.00104086 -0.000131726  -0.00274911 0.000256775   0.0178957 -0.00182357   3.2865  0.11411 -9.24134 
             39.6993   0.296106 -0.0785206  -0.781774  0.00248729 -0.00928357  -0.0106328 0 0 0   -0.011 -0.02329  0.04412 0.00415956 0.00309651  0.0026348 -0.000962489 -9.09954e-05   -0.0029551 0.000215638   0.0177463 -0.00195506  3.28656 0.114146 -9.24132 
             39.7994   0.338521 -0.0922331  -0.967933 8.78187e-05 -0.00883853  -0.0111976 0 0 0   -0.011 -0.02329  0.04412 0.000146347  0.00404909  0.00229779  -0.00100715 -8.79145e-05  -0.00286155 0.000353722   0.0177701  -0.0019184  3.28651 0.114165 -9.24134 
             39.8993   0.386973 -0.0357306   -1.01836 -0.00311147  -0.0092178  -0.0123408 0 0 0   -0.011 -0.02329  0.04412 -0.00135242 -0.00309407  0.00302063  -0.00102548 -0.000127302  -0.00283299 0.000533685   0.0178216 -0.00183137  3.28643 0.114179 -9.24136 
             39.9993   0.435549 -0.0239117   -1.02487 -0.00890061  -0.0119728  -0.0140017 0 0 0   -0.011 -0.02329  0.04412 -0.00455541  0.00301182   0.0021926  -0.00103573 -0.000134474  -0.00279406 0.000823642   0.0180329  -0.0017566   3.2863 0.114147 -9.24141 
             40.0994  0.417218 -0.028087   -1.1678 -0.00755817  -0.0078282  -0.0143263 0 0 0   -0.011 -0.02329  0.04412 -0.000477347  -0.00222237 -0.000490707  -0.00104188 -0.000129711  -0.00271967 0.000740697   0.0177836 -0.00166386  3.28635 0.114229 -9.24139 
             40.1993   0.455975 -0.0691288   -1.20686 -0.00813394 -0.00420987  -0.0138037 0 0 0   -0.011 -0.02329  0.04412  -0.00596115    0.0146143 -0.000872417  -0.00106813 -9.25231e-05  -0.00268613 0.000790809   0.0175926 -0.00171932  3.28636 0.114303 -9.24139 
             40.2998   0.366283 -0.0251667   -0.93739  -0.0100512 -0.00525437  -0.0149737 0 0 0   -0.011 -0.02329  0.04412  -0.0062783  0.00793219 -0.00248687 -0.000981209 -0.000122434  -0.00285209 0.000833007   0.0177455  -0.0016398  3.28632 0.114258  -9.2414 
             40.3997 0.398107 -0.06837 -1.03573 -0.00868478  -0.0111712  -0.0143447 0 0 0   -0.011 -0.02329  0.04412 -0.00493307 -0.00884671 -0.00157782   -0.0010101 -9.73295e-05  -0.00278811 0.000687824   0.0180632 -0.00170904  3.28633 0.114121  -9.2414 
             40.4992   0.450716 -0.0513457   -1.04962 -0.00483741 -0.00884296  -0.0135227 0 0 0   -0.011 -0.02329  0.04412  0.00711286  0.00452415 0.000818922  -0.00101988 -0.000112656  -0.00278589 0.000476578   0.0178867 -0.00172364  3.28642 0.114149 -9.24137 
             40.5998  0.412942 -0.037483  -1.16072 -0.00367462 -0.00431893  -0.0133815 0 0 0   -0.011 -0.02329  0.04412   0.00239235 -0.000439062 -0.000293901  -0.00102575 -0.000118443  -0.00272172 0.000474659   0.0176303 -0.00170377  3.28646 0.114238 -9.24135 
             40.6993   0.349908 -0.0203364  -0.835269 -0.00075124 -0.00893396  -0.0122866 0 0 0   -0.011 -0.02329  0.04412   0.00152107   0.00537259 -0.000211626 -0.000974764 -0.000130365  -0.00290341 0.000300861   0.0178764 -0.00178806  3.28648 0.114121 -9.24135 
             40.7998   0.374686 -0.0291903  -0.902837 0.000978502 -0.00922632  -0.0118618 0 0 0   -0.011 -0.02329  0.04412  0.00688702 -0.00499909  0.00239793 -0.000974016 -0.000134493  -0.00287555 0.000225124   0.0179082 -0.00181305   3.2865 0.114097 -9.24134 
             40.8998    0.37898 -0.0923402  -0.985663  0.00218757 -0.00836825   -0.010784 0 0 0   -0.011 -0.02329  0.04412   0.0100106 -0.00174675  0.00386058 -0.00100882 -9.3681e-05 -0.00282367 0.000223455   0.0178006 -0.00189329  3.28653  0.11413 -9.24133 
             40.9993   0.378963 -0.0593349  -0.920334 -0.000695931  -0.00609961   -0.0112298 0 0 0   -0.011 -0.02329  0.04412 0.00772966 0.00604269 0.00426349 -0.000983154  -0.00012275  -0.00288309 0.000462493   0.0177356 -0.00186707  3.28646 0.114185 -9.24135 
             41.0998   0.337564 -0.0565381  -0.892355  0.00174335  -0.0076637 -0.00934459 0 0 0   -0.011 -0.02329  0.04412   0.0157163 -0.00430172   0.0113138 -0.000996264 -0.000119297  -0.00287282   0.0003864   0.0178033 -0.00196881  3.28649 0.114149 -9.24134 
             41.1993   0.386868 -0.0506748   -1.00432  0.00109859 -0.00513762 -0.00948273 0 0 0   -0.011 -0.02329  0.04412  0.0148693 0.00584846  0.0101779  -0.0010154 -0.00012008 -0.00282222 0.000518782   0.0176837 -0.00187068  3.28645 0.114208 -9.24136 
             41.2993   0.273788 -0.0608933  -0.825326  0.00118745 -0.00836181  -0.0111366 0 0 0   -0.011 -0.02329  0.04412  0.00983453 -0.00744618  0.00215478 -0.000959767 -0.000105699  -0.00292402  0.00053519   0.0178759 -0.00164283   3.2864 0.114147 -9.24138 
             41.3999    0.29953 -0.0408321  -0.752903 0.00424088 -0.0117771 -0.0111472 0 0 0   -0.011 -0.02329  0.04412   0.0110701 -0.00451401 0.000641515 -0.000958496  -0.00011443  -0.00297145 0.000397727    0.018033 -0.00159232  3.28642  0.11408 -9.24137 
             41.4993  0.346521 -0.074772 -0.828564 0.00363162 -0.0117629 -0.0113187 0 0 0   -0.011 -0.02329  0.04412 0.00835126 -0.0112975 0.00181342 -0.000975934 -9.57678e-05  -0.00292201 0.000498963   0.0179929 -0.00159812  3.28639 0.114101 -9.24138 
             41.5994   0.34859 -0.040891 -0.909971 0.00207432 -0.0132764 -0.0113647 0 0 0   -0.011 -0.02329  0.04412   0.0052729 -0.00854456 0.000708257 -0.000985842 -0.000115365  -0.00287577 0.000638898   0.0180227 -0.00162157  3.28635 0.114096 -9.24139 
             41.6993   0.374689 -0.0571404  -0.924113 -0.00257672   -0.011625  -0.0131288 0 0 0   -0.011 -0.02329  0.04412 -0.00342352 -0.00594363 -0.00203063 -0.000995532 -0.000105052  -0.00286781 0.000912625   0.0179072 -0.00152258  3.28626 0.114143 -9.24143 
             41.7997   0.320522 -0.0131295  -0.794377 0.00182703 -0.0188078 -0.0115528 0 0 0   -0.011 -0.02329  0.04412 0.00543995 -0.0203559 0.00153391  -0.00098053 -0.000129041  -0.00294665  0.00066349   0.0182345 -0.00161785  3.28634 0.114024  -9.2414 
             41.8992    0.41486 -0.0528941   -1.03404 -0.00282964  -0.0177996   -0.012611 0 0 0   -0.011 -0.02329  0.04412  -0.00384376   -0.0100927 -0.000284713  -0.00102133 -0.000105781  -0.00280235 0.000946356   0.0181022  -0.0015858  3.28625 0.114073 -9.24143 
             41.9993   0.236948 -0.0650242  -0.711706 -0.00510833  -0.0132307  -0.0134339 0 0 0   -0.011 -0.02329  0.04412 -0.00851949 -0.00515203 -0.00175712  -0.00091973 -9.90114e-05  -0.00299925  0.00104524   0.0177781 -0.00153291  3.28622 0.114188 -9.24144 
             42.0997   0.335203 -0.0272552  -0.672037 -0.00683319 -0.00420858    -0.01515 0 0 0   -0.011 -0.02329  0.04412  -0.0092782   0.0204101 -0.00545611 -0.000964868 -0.000123915  -0.00302214  0.00108041   0.0172826 -0.00139274  3.28619 0.114361 -9.24145 
             42.1996   0.428023 -0.0582898   -1.05511 -0.00383767 -0.00669513  -0.0141604 0 0 0   -0.011 -0.02329  0.04412  0.00172752  0.00360321 -0.00160512  -0.00101118 -0.000106242  -0.00278311 0.000885407   0.0175084 -0.00147952  3.28627 0.114283 -9.24142 
             42.2998    0.35005 -0.0819257   -1.04391 -0.000967113   -0.0076369   -0.0133665 0 0 0   -0.011 -0.02329  0.04412   0.0043281  0.00811975 -0.00106476 -0.000976368 -8.79202e-05  -0.00279446 0.000733861   0.0175924 -0.00152914  3.28632 0.114255  -9.2414 
             42.3998   0.381671 -0.0733631  -0.982424 -0.00500503 -0.00948781  -0.0154547 0 0 0   -0.011 -0.02329  0.04412 -0.00271412 -0.00135317 -0.00472646 -0.000982664 -9.56888e-05  -0.00282947 0.000955455   0.0177383 -0.00141056  3.28624 0.114205 -9.24143 
             42.4994   0.422057 -0.0869981   -1.04643 -0.00746048  -0.0109676  -0.0161483 0 0 0   -0.011 -0.02329  0.04412  -0.0083916 -0.00384236  -0.0043808  -0.00100569 -8.88789e-05  -0.00278896  0.00107073   0.0178012 -0.00142289   3.2862 0.114187 -9.24145 
             42.5992   0.408852 -0.0504921  -0.969703 -0.00637697  -0.0131912  -0.0151453 0 0 0   -0.011 -0.02329  0.04412  -0.00408912   -0.0060876 -0.000483306 -0.000982456 -0.000109888  -0.00283753 0.000987458   0.0179115 -0.00153513  3.28623 0.114145 -9.24143 
             42.6998   0.395703 -0.0653578   -1.09307 -0.00704084  -0.0147175  -0.0142877 0 0 0   -0.011 -0.02329  0.04412 -0.00589873  -0.0125508  0.00205251 -0.000999969 -9.93967e-05  -0.00276233  0.00101828   0.0179396 -0.00163121  3.28623 0.114136 -9.24144 
             42.7994   0.454955 -0.0906044   -1.14466 -0.00726048  -0.0166536  -0.0143217 0 0 0   -0.011 -0.02329  0.04412 -0.00470817 -0.00778616  0.00123703  -0.00103353 -8.04501e-05  -0.00273371 0.000986523   0.0179961 -0.00160843  3.28624 0.114115 -9.24143 
             42.8992   0.341801 -0.0690377  -0.935248 -0.00568258  -0.0120448  -0.0142226 0 0 0   -0.011 -0.02329  0.04412 0.000165336 -0.00465283 0.000906555 -0.000971723 -9.86362e-05  -0.00285908 0.000902574    0.017677 -0.00155558  3.28629 0.114212 -9.24141 
             42.9997     0.3235 -0.0630395  -0.848241 -0.00436274 -0.00823724  -0.0126736 0 0 0   -0.011 -0.02329  0.04412 0.00252367  0.0111348 0.00412939 -0.000949868 -0.000101702  -0.00291269 0.000870584   0.0174583 -0.00166645  3.28634 0.114275  -9.2414 
             43.0993   0.433119 -0.0495897   -1.08702 -0.00251805 -0.00874452  -0.0122737 0 0 0   -0.011 -0.02329  0.04412 0.00669155 0.00200446 0.00417684 -0.00102183 -0.00011052 -0.00276284 0.000770112   0.0175272 -0.00163947  3.28636 0.114241 -9.24139 
             43.1998   0.317227 -0.0723406  -0.803938 -0.00142262 -0.00967296  -0.0115195 0 0 0   -0.011 -0.02329  0.04412 0.00697921 0.00305268 0.00498555 -0.000970698 -9.44897e-05  -0.00293572 0.000745953    0.017581 -0.00166451  3.28636 0.114219 -9.24139 
             43.2997   0.35776 -0.093902 -0.776739 -0.00104702 -0.00651606  -0.0112202 0 0 0   -0.011 -0.02329  0.04412  0.0070002 0.00737256 0.00545821 -0.000980849 -8.29763e-05  -0.00295721 0.000774586   0.0174388 -0.00164552  3.28636 0.114269 -9.24139 
             43.3993   0.286189 -0.0821469  -0.881961 -0.00131962 -0.00734116  -0.0118192 0 0 0   -0.011 -0.02329  0.04412 0.00273306 0.00345997 0.00175207 -0.000962805 -8.87748e-05  -0.00289146 0.000802228   0.0175156 -0.00155881  3.28634 0.114249  -9.2414 
             43.4998   0.451306 -0.0423649   -1.05251 -0.00311976 -0.00868886   -0.012873 0 0 0   -0.011 -0.02329  0.04412  0.00260226  0.00376693 2.46751e-05   -0.0010659 -0.000111462  -0.00279003 0.000902252   0.0176291 -0.00147942  3.28629 0.114221 -9.24141 
             43.5997   0.29699 -0.069172 -0.890445 -0.00365311  -0.0110484  -0.0140697 0 0 0   -0.011 -0.02329  0.04412  0.00140673 -0.00780215 -0.00314157 -0.000988911 -9.54647e-05  -0.00289319 0.000926482   0.0177581 -0.00137771  3.28627 0.114181 -9.24142 
             43.6993   0.320855 -0.0602849  -0.817646 -0.00260297  -0.0049588  -0.0132694 0 0 0   -0.011 -0.02329  0.04412  0.0020449  0.0128493 -0.0013027 -0.000998571 -9.72906e-05   -0.0029401 0.000904205   0.0174088 -0.00146207   3.2863 0.114294 -9.24141 
             43.7993   0.399141 -0.0415848  -0.935254 -0.00363388 -0.00616805  -0.0125642 0 0 0   -0.011 -0.02329  0.04412  0.000846425 -0.000519177    0.0029874   -0.0010427 -0.000111151  -0.00286946  0.00098392   0.0175279 -0.00155978  3.28628 0.114259 -9.24142 
             43.8996  0.388641 -0.069407  -1.06254 -0.00444018 -0.00449103  -0.0123468 0 0 0   -0.011 -0.02329  0.04412 -0.00171252  0.00964328  0.00255231  -0.00103891 -9.24776e-05  -0.00278952 0.00103164  0.0174507 -0.0015694  3.28627 0.114287 -9.24142 
             43.9993   0.385955 -0.0439133   -1.03903 -0.000985538  -0.00306041   -0.0108825 0 0 0   -0.011 -0.02329  0.04412  0.0059997 0.00781155 0.00533451  -0.00103874 -0.000106312   -0.0028065 0.000853284   0.0174182 -0.00162227 3.28633 0.11429 -9.2414 
             44.0993   0.352689 -0.0648263  -0.835411 -0.000757999  -0.00523808   -0.0125674 0 0 0   -0.011 -0.02329  0.04412     0.005473  0.000592243 -0.000647844  -0.00101941 -9.47657e-05  -0.00293098 0.000830569   0.0175574 -0.00141992  3.28631 0.114245 -9.24141 
             44.1996   0.488616 -0.0884417   -1.12144 -0.00818405 -0.00467705  -0.0147547 0 0 0   -0.011 -0.02329  0.04412  -0.0091333  0.00410793 -0.00475266  -0.00106473 -8.33397e-05   -0.0027531  0.00124239   0.0175763 -0.00135525  3.28619 0.114264 -9.24145 
             44.2992    0.32097 -0.0680417  -0.847984  -0.0105583 -0.00372517  -0.0162124 0 0 0   -0.011 -0.02329  0.04412     -0.01123 -0.000739704  -0.00737786 -0.000981562  -9.5851e-05  -0.00291663  0.00131811   0.0175312 -0.00128326  3.28616 0.114285 -9.24146 
             44.3993  0.365931 -0.040156 -0.862066  -0.0114492 -0.00839406  -0.0152282 0 0 0   -0.011 -0.02329  0.04412  -0.0118149 -0.00157745 -0.00193138 -0.000999147 -0.000110086  -0.00291081  0.00131102   0.0177913 -0.00144769  3.28616 0.114198 -9.24146 
             44.4996   0.391344 -0.0145882  -0.922869  -0.0111527 -0.00812446  -0.0150602 0 0 0   -0.011 -0.02329  0.04412   -0.0067794  -0.00855894 -0.000376479  -0.00102846 -0.000126022  -0.00287466  0.00124335   0.0177387 -0.00145231  3.28618 0.114209 -9.24145 
             44.5998   0.407301 -0.0660206  -0.984037 -0.00705271  -0.0119667  -0.0138496 0 0 0   -0.011 -0.02329  0.04412  0.00055265 -0.00886609  0.00171224  -0.00103951 -9.47438e-05  -0.00283762 0.000973137   0.0178908 -0.00150051  3.28625 0.114142 -9.24143 
             44.6996   0.411716 -0.0633532   -1.04015 -0.00776401 -0.00975357  -0.0139714 0 0 0   -0.011 -0.02329  0.04412 0.000482998 -0.00826351  0.00184093  -0.00103993 -9.73609e-05  -0.00280705   0.0010278   0.0177268 -0.00147771  3.28625 0.114198 -9.24143 
             44.7996   0.393225 -0.0527622   -1.04958 -0.00631225   -0.010353  -0.0139259 0 0 0   -0.011 -0.02329  0.04412   0.0033087 -0.00506967  0.00101524  -0.00104427 -0.000102522  -0.00279957 0.000948742   0.0177054 -0.00143901  3.28626   0.1142 -9.24142 
             44.8998   0.416954 -0.0457124   -0.91973 -0.00598982 -0.00825828  -0.0145364 0 0 0   -0.011 -0.02329  0.04412  0.00389289 -0.00103733 -0.00116091 -0.00105317 -0.00010771 -0.00287949 0.000948561   0.0175763 -0.00136621  3.28627 0.114242 -9.24142 
             44.9996   0.306497 -0.0867684  -0.892192 -0.00484257 -0.00992269  -0.0146697 0 0 0   -0.011 -0.02329  0.04412  0.00571203 -0.00722904 -0.00110182 -0.000991861 -8.28629e-05  -0.00289447 0.000900121   0.0176403 -0.00134991  3.28627 0.114219 -9.24142 
             45.0999   0.414197 -0.0937073  -0.996418 -3.29504e-05  -0.00658118   -0.0126263 0 0 0   -0.011 -0.02329  0.04412  0.0147508 0.00598556  0.0037991  -0.00104199 -7.95323e-05  -0.00283303 0.000710024   0.0174299 -0.00147907  3.28636 0.114264 -9.24139 
             45.1998   0.344033 -0.0567328  -0.828641 -0.000537012  -0.00780183   -0.0128018 0 0 0   -0.011 -0.02329  0.04412  0.00920122 -0.00501409  0.00263911  -0.00101331 -0.000100897  -0.00293179  0.00080663   0.0175103 -0.00146112  3.28632 0.114247  -9.2414 
             45.2996   0.420132 -0.0887685   -1.06164  0.00217523 -0.00846458  -0.0109388 0 0 0   -0.011 -0.02329  0.04412  0.0133386 0.00221561 0.00667732   -0.0010588 -7.75696e-05  -0.00279477 0.000726021   0.0175267 -0.00158673  3.28635 0.114233 -9.24139 
             45.3995   0.343877 -0.0585635  -0.952665  0.00315465 -0.00887774  -0.0108691 0 0 0   -0.011 -0.02329  0.04412   0.0130212 -0.00579113  0.00611315  -0.00100796 -9.98888e-05  -0.00286116 0.000740928   0.0175519 -0.00153209  3.28634 0.114228  -9.2414 
             45.4996   0.273437 -0.0849631  -0.770159  0.00404911 -0.00841814  -0.0110753 0 0 0   -0.011 -0.02329  0.04412  0.0110198  0.0013611 0.00266761  -0.00097294 -8.11217e-05  -0.00297115 0.000753216   0.0175035 -0.00146438  3.28634 0.114245  -9.2414 
             45.5997   0.339331 -0.0816854  -0.821358 9.08831e-05  -0.0105611  -0.0120101 0 0 0   -0.011 -0.02329  0.04412  0.00305723 -0.00620253  0.00149838 -0.000995277 -8.49893e-05  -0.00293806  0.00101434   0.0176494 -0.00143687  3.28625 0.114219 -9.24143 
             45.6994   0.318872 -0.0662957  -0.947757 -0.00486569  -0.0112891  -0.0143365 0 0 0   -0.011 -0.02329  0.04412 -0.00726873 -0.00630884 -0.00363798  -0.00100351 -9.32807e-05  -0.00286447 0.00126688  0.0176635 -0.0012844  3.28617  0.11423 -9.24146 
             45.7997   0.324945 -0.0582087  -0.885535 -0.00759007 -0.00979749  -0.0139733 0 0 0   -0.011 -0.02329  0.04412  -0.00885979   0.00209116 -0.000244988  -0.00100057 -0.000100449  -0.00290288   0.0013983   0.0175775 -0.00138236  3.28614 0.114263 -9.24147 
             45.8997   0.418635 -0.0403845   -1.06124 -0.00842597 -0.00753375  -0.0138472 0 0 0   -0.011 -0.02329  0.04412   -0.0111955 -0.000292072 -0.000397418  -0.00107006 -0.000107193  -0.00279845  0.00139256   0.0174387 -0.00139207  3.28615 0.114305 -9.24146 
             45.9996   0.422377 -0.0914829   -1.10093 -0.00701585 -0.00959966  -0.0145571 0 0 0   -0.011 -0.02329  0.04412 -0.00611493   0.0028671 -0.00294853 -0.00106498 -7.5707e-05 -0.00277601  0.00123087   0.0175648 -0.00129145  3.28618  0.11426 -9.24145 
             46.0998   0.354783 -0.0875654  -0.936313 -0.00330974 -0.00972723   -0.014136 0 0 0   -0.011 -0.02329  0.04412  0.00296878 -0.00516875 -0.00116328  -0.00102267 -8.15402e-05  -0.00287401  0.00100564   0.0175574 -0.00128491  3.28624 0.114251 -9.24143 
             46.1998   0.378106 -0.0476355  -0.945097 -0.00375329 -0.00809911   -0.014023 0 0 0   -0.011 -0.02329  0.04412 0.000395254  0.00543397 -0.00164434  -0.00103677 -0.000102521  -0.00287077  0.00105494   0.0174563 -0.00132238  3.28624 0.114284 -9.24143 
             46.2996   0.354115 -0.0485609  -0.832502 -0.00265549  -0.0101825  -0.0139213 0 0 0   -0.011 -0.02329  0.04412   0.00517589   -0.0050639 -0.000436089 -0.00102788 -0.00010265 -0.00293944  0.00100078   0.0175899 -0.00132856  3.28624 0.114241 -9.24143 
             46.3996   0.375309 -0.0479606  -0.941814 -0.000721941  -0.00946585   -0.0123143 0 0 0   -0.011 -0.02329  0.04412   0.00716485 -0.000674377   0.00363085  -0.00105731 -0.000100118  -0.00287828 0.000946228   0.0175093 -0.00145713  3.28628 0.114259 -9.24142 
             46.4998   0.484251 -0.0749528     -1.202 -0.00291957 -0.00755735  -0.0134718 0 0 0   -0.011 -0.02329  0.04412  0.00223481  0.00360474 0.000704967  -0.00109688 -8.56012e-05  -0.00271938  0.00108936   0.0174286 -0.00135789  3.28623 0.114294 -9.24143 
             46.5994   0.340355 -0.0573783  -0.815042 -0.00227638 -0.00843644    -0.01322 0 0 0   -0.011 -0.02329  0.04412  0.00187309 -0.00284692   0.0012602  -0.00101832 -9.68441e-05  -0.00295119  0.00107218   0.0174682 -0.00136576  3.28624 0.114281 -9.24143 
             46.6993   0.432286 -0.0932322   -1.13037 -0.000586717  -0.00785823   -0.0130033 0 0 0   -0.011 -0.02329  0.04412 0.00480709 0.00452563  0.0011266 -0.00106087 -7.2566e-05  -0.0027685 0.000986743   0.0174397 -0.00135383  3.28626 0.114283 -9.24142 
             46.7996   0.413131 -0.0361899   -1.06988 -0.00413305  -0.0112725  -0.0143713 0 0 0   -0.011 -0.02329  0.04412 -0.00262732   -0.010999 -0.00164682  -0.00104942 -0.000106641  -0.00280009 0.00118699  0.0176458 -0.0012865  3.28618 0.114242 -9.24145 
             46.8995   0.308403 -0.0575128   -0.74725 -0.00190224 -0.00873339  -0.0118518 0 0 0   -0.011 -0.02329  0.04412 0.00227184  0.0039127 0.00493679 -0.000983139  -9.3046e-05  -0.00299508  0.00110266   0.0174512 -0.00149555  3.28624 0.114283 -9.24143 
             46.9998   0.395308 -0.0470149  -0.930021 -0.00369301 -0.00727282  -0.0117034 0 0 0   -0.011 -0.02329  0.04412  0.00057563 -0.00129269  0.00475998  -0.00103777 -0.000101409  -0.00288847  0.00122598   0.0173874 -0.00148943  3.28622 0.114313 -9.24144 
             47.0997   0.370007 -0.0552122  -0.979743 -8.12092e-05  -0.00814236   -0.0115846 0 0 0   -0.011 -0.02329  0.04412 0.00696663 0.00230331 0.00236712  -0.00103214 -9.36087e-05   -0.0028572  0.00100415   0.0174156 -0.00139645  3.28626 0.114288 -9.24142 
             47.1995   0.360732 -0.0584967  -0.929071 -0.00175285  -0.0108548  -0.0116941 0 0 0   -0.011 -0.02329  0.04412  0.00259431 -0.00704194  0.00273617  -0.00101475 -9.25769e-05  -0.00288806 0.00112346  0.0175872 -0.0014067  3.28622 0.114248 -9.24144 
             47.3005   0.348817 -0.0883612  -0.855064 -0.00157849  -0.0152903  -0.0134085 0 0 0   -0.011 -0.02329  0.04412  0.00142219   -0.015333 -0.00204906  -0.00101654 -7.58114e-05  -0.00293381  0.00108205   0.0177787 -0.00122682   3.2862 0.114195 -9.24145 
             47.3998   0.325273 -0.0901718  -0.827408 -0.000364115   -0.0149291   -0.0139039 0 0 0   -0.011 -0.02329  0.04412  0.00430792  -0.0069167 -0.00422835 -0.000985535 -7.40813e-05  -0.00295316  0.00102514   0.0176945 -0.00118803  3.28622 0.114216 -9.24144 
             47.4996    0.36039 -0.0508778  -0.964126 -0.00218636  -0.0123132  -0.0153131 0 0 0   -0.011 -0.02329  0.04412  0.00125406 -0.00476537 -0.00553322 -0.00101802 -9.7072e-05 -0.00286757 0.00115211  0.0175016 -0.0011242  3.28619 0.114279 -9.24145 
             47.5993   0.341992 -0.0374949  -0.833124 -0.00473107  -0.0121122  -0.0161236 0 0 0   -0.011 -0.02329  0.04412 -0.00213909  0.00207443 -0.00599091   -0.0010004 -0.000105004  -0.00294984  0.00130599   0.0174903 -0.00114326  3.28615 0.114288 -9.24146 
             47.6996  0.353738 -0.055971 -0.883972 -0.00443445  -0.0111314  -0.0143765 0 0 0   -0.011 -0.02329  0.04412 -0.00259092 -0.00199767 0.000663008  -0.00101159 -9.39372e-05  -0.00291846  0.00131029   0.0174389 -0.00135573  3.28617 0.114303 -9.24146 
             47.7995   0.439241 -0.0483757   -1.11842 -0.00692521 -0.00758882  -0.0154182 0 0 0   -0.011 -0.02329  0.04412 -0.00684029   0.0120857 -0.00205575 -0.00106532 -9.7302e-05 -0.00277733  0.00142018   0.0172472 -0.00128439  3.28614 0.114361 -9.24147 
             47.8998   0.428276 -0.0451003   -1.10157 -0.00809956  -0.0049079  -0.0146956 0 0 0   -0.011 -0.02329  0.04412 -0.00748527   0.0105571  0.00187835  -0.00106051 -0.000100004  -0.00279013  0.00146671   0.0171669 -0.00137713  3.28614 0.114385 -9.24147 
             47.9996   0.420846 -0.0584605   -0.99929 -0.00582525 -0.00957665  -0.0131614 0 0 0   -0.011 -0.02329  0.04412  -0.00267796 -0.000590917    0.0040351  -0.00105937 -9.33543e-05  -0.00284847  0.00130827   0.0174575 -0.00146449  3.28617 0.114295 -9.24145 
             48.0993   0.375421 -0.0712875  -0.965709 -0.00400444 -0.00839321   -0.012732 0 0 0   -0.011 -0.02329  0.04412  0.0023689 0.00376605 0.00388664  -0.00101101 -8.67851e-05  -0.00286912  0.00119243   0.0174041 -0.00143338   3.2862 0.114304 -9.24144 
             48.1995   0.365129 -0.0457457  -0.945814 -0.00752301 -0.00943986  -0.0145556 0 0 0   -0.011 -0.02329  0.04412  -0.0036008 -0.00346917 -0.00115056  -0.00101573 -0.000102361    -0.002878  0.00137145   0.0174744 -0.00128583  3.28614 0.114301 -9.24147 
             48.2998   0.326213 -0.0658314  -0.784491 -0.00362043  -0.0115319  -0.0123271 0 0 0   -0.011 -0.02329  0.04412   0.00478814 -0.000896434   0.00386914 -0.000985337 -9.11091e-05  -0.00297704  0.00115646   0.0175718 -0.00143921   3.2862 0.114253 -9.24145 
             48.3998   0.368676 -0.0799726  -0.926771 -0.0052141 -0.0126113 -0.0139399 0 0 0   -0.011 -0.02329  0.04412  0.000678393   -0.0115106 -0.000552074 -0.00101502 -8.2219e-05 -0.00288785  0.00123512   0.0176082 -0.00128281  3.28616 0.114253 -9.24146 
             48.4996  0.437902 -0.060374  -1.05281 -0.00291894  -0.0121849  -0.0121859 0 0 0   -0.011 -0.02329  0.04412  0.00510837 -0.00127144  0.00346778  -0.00103936 -9.49516e-05  -0.00281644  0.00114156   0.0175308 -0.00141681   3.2862 0.114265 -9.24145 
             48.5995   0.347611 -0.0523837  -0.940085 -0.00352088 -0.00998063  -0.0131561 0 0 0   -0.011 -0.02329  0.04412  0.00499518 -0.00208165  0.00157473 -0.000991033 -0.000100269  -0.00288112  0.00119774   0.0174057 -0.00130278  3.28618 0.114306 -9.24145 
             48.6993   0.426354 -0.0514554   -1.03025 -0.00670586  -0.0146903  -0.0142933 0 0 0   -0.011 -0.02329  0.04412 -0.00491912 -0.00850769 -0.00193449  -0.00104428 -9.84167e-05  -0.00282728  0.00136662   0.0176562 -0.00125243  3.28612 0.114249 -9.24147 
             48.7997   0.370974 -0.0830838  -0.916302 -0.0105749 -0.0131019 -0.0160675 0 0 0   -0.011 -0.02329  0.04412 -0.00906857 -0.00445517 -0.00486926 -0.000997839 -8.08039e-05  -0.00289429  0.00154978   0.0175489 -0.00115441  3.28608 0.114293 -9.24149 
             48.8995   0.391803 -0.0621365   -1.04754 -0.0139665 -0.0133977 -0.0170192 0 0 0   -0.011 -0.02329  0.04412  -0.0147718 -0.00649602  -0.0057532  -0.00102544 -9.41711e-05  -0.00281799  0.00168116   0.0175299 -0.00114701  3.28605 0.114307  -9.2415 
             48.9993   0.337001 -0.0502646  -0.846279  -0.0146492 -0.00978305   -0.017529 0 0 0   -0.011 -0.02329  0.04412   -0.012166   0.0071014 -0.00562943 -0.000983739 -0.000100647  -0.00293953  0.00165712   0.0173241 -0.00113043  3.28606 0.114362 -9.24149 
             49.0996   0.368545 -0.0371967  -0.909099 -0.00859177  -0.0099425  -0.0147871 0 0 0   -0.011 -0.02329  0.04412  0.00185066 -0.00181171   0.0018391  -0.00102049 -0.000107958  -0.00290016   0.0013001   0.0173149 -0.00132057  3.28617 0.114334 -9.24146 
             49.1996   0.460788 -0.0696046     -1.225 -0.00746875  -0.0100707  -0.0153902 0 0 0   -0.011 -0.02329  0.04412   0.00467901   0.00576034 -0.000761023  -0.00107102 -8.63793e-05   -0.0027173 0.00122849  0.0173329 -0.0012394  3.28618 0.114325 -9.24145 
             49.3005   0.365829 -0.0539925  -0.889315 -0.00475663 -0.00980397  -0.0141332 0 0 0   -0.011 -0.02329  0.04412  0.00948083 -0.00322605  0.00307234  -0.00101576 -9.87651e-05  -0.00291127  0.00113334   0.0173204 -0.00132238  3.28621 0.114321 -9.24144 
             49.4005   0.489714 -0.0525909   -1.12268 -0.00244852  -0.0156755  -0.0127614 0 0 0   -0.011 -0.02329  0.04412 0.0322542  0.019427 0.0128951  -0.00108127 -9.38277e-05  -0.00277792  0.00108747   0.0176672 -0.00141523   3.2862 0.114223 -9.24145 
             49.4995  0.575656  -0.22526 -0.932284 0.00399639 -0.0098893 -0.0110221 0 0 0   -0.011 -0.02329  0.04412   0.0549708   0.0627341 -0.00216111 -0.00102622 -7.9104e-05 -0.00288648  0.00100294   0.0175486 -0.00149069  3.28624 0.114245 -9.24143 
             49.6005  0.765984 -0.290615  -1.34633  0.00699512 -0.00320601   -0.013601 0 0 0   -0.011 -0.02329  0.04412  0.0503671  0.0721363 -0.0104522  -0.00104786 -0.000104377  -0.00279863 0.00108598  0.0176413 -0.0013221   3.2862 0.114238 -9.24145 
             49.6997 0.843078 -0.29877 -1.51954  0.0114261  0.0139063 -0.0164538 0 0 0   -0.011 -0.02329  0.04412    0.054003   0.0922241 -0.00896853 -0.00106274 -9.4332e-05 -0.00274937   0.0011755   0.0171092 -0.00119195  3.28624 0.114394 -9.24143 
             49.7995   1.12155  0.150606 -0.820551  0.0204975   0.018399 -0.0148859 0 0 0   -0.011 -0.02329  0.04412   0.063855  0.0397837 0.00702836  -0.00102908 -0.000153268  -0.00297076 0.00101849  0.0172399 -0.0013554  3.28625 0.114319 -9.24143 
             49.8993   1.05334   0.61557 -0.643017  0.0171787   0.024168 -0.0169236 0 0 0   -0.011 -0.02329  0.04412  0.0257284 0.00237758  0.0132367  -0.00104505 -0.000122214  -0.00283979  0.00147578   0.0171387 -0.00118076  3.28617  0.11445 -9.24145 
             49.9996 0.716195 0.818376 -0.37639  0.0158514  0.0215378 -0.0167992 0 0 0   -0.011 -0.02329  0.04412   0.0174876 -0.00633935  0.00903724  -0.00102254 -0.000112786  -0.00288437 0.00165157  0.0172627 -0.0011462  3.28611 0.114453 -9.24148 
             50.0996  0.795639  0.771025 -0.373174  0.0165729  0.0288569 -0.0163396 0 0 0   -0.011 -0.02329  0.04412  0.0197732  0.0231427 0.00724265  -0.00107596 -0.000106404  -0.00280216  0.00176418   0.0169239 -0.00110375  3.28614 0.114558 -9.24146 
             50.2005  0.374196  0.763948 -0.492545  0.0197527  0.0270853 -0.0153667 0 0 0   -0.011 -0.02329  0.04412 0.00951674  0.0169751 0.00340479  -0.00107285 -0.000102604  -0.00270778  0.00166167    0.017095 -0.00112012  3.28614 0.114509 -9.24146 
             50.2996 -0.242247  0.835176 -0.518576  0.0208405  0.0214924 -0.0154655 0 0 0   -0.011 -0.02329  0.04412  -0.0189811  0.00886761 -0.00919646  -0.00106336 -0.000119695  -0.00272744  0.00153123   0.0174726 -0.00109786  3.28613 0.114424 -9.24147 
             50.3995 -0.81864 0.735993 -0.81894  0.0159653  0.0213962 -0.0183256 0 0 0   -0.011 -0.02329  0.04412 -0.0327461  0.0153337 -0.0231618  -0.00103973 -9.54201e-05  -0.00269389  0.00162375   0.0175759 -0.00101982  3.28609 0.114399 -9.24148 
             50.5005 -1.34043 0.642869 -1.09882  0.0138206  0.0289406 -0.0201278 0 0 0   -0.011 -0.02329  0.04412 -0.0314456  0.0462347 -0.0256245  -0.00103814 -8.69443e-05  -0.00267846  0.00154211   0.0173011 -0.00107499  3.28608 0.114481 -9.24148 
             50.5997 -1.66324 0.687122 -1.16924  0.0144102  0.0299288 -0.0195542 0 0 0   -0.011 -0.02329  0.04412 -0.0172964  0.0365846  -0.014388  -0.00105757 -0.000128037  -0.00270458  0.00150102   0.0175658 -0.00126076  3.28623 0.114507 -9.24143 
             50.6995 -1.92966 0.674945 -1.24133  0.0162414  0.0223656 -0.0194681 0 0 0   -0.011 -0.02329  0.04412 -0.00389023    0.012194  -0.0068258  -0.00105956 -0.000133601  -0.00272902  0.00147604   0.0181946 -0.00128509  3.28639 0.114392 -9.24138 
             50.8005 -2.06229 0.690406 -1.41528   0.015803  0.0194429 -0.0199667 0 0 0   -0.011 -0.02329  0.04412  -0.0042998  0.00579611 -0.00428398 -0.00108851 -0.00014732 -0.00269638  0.00154445   0.0184404 -0.00127965  3.28645 0.114351 -9.24136 
             50.8997 -2.32771  0.65157 -1.28576  0.0126868   0.020387 -0.0215607 0 0 0   -0.011 -0.02329  0.04412 -0.0192748 0.00299047  -0.022028  -0.00102828 -0.000122894  -0.00280636  0.00164578   0.0184018 -0.00123813  3.28642 0.114324 -9.24137 
             50.9994 -2.55203 0.635757 -1.33515 0.00752428  0.0175613 -0.0244453 0 0 0   -0.011 -0.02329  0.04412 -0.0751826 -0.0549272 -0.0419036    -0.001005 -0.000103756  -0.00284898 0.00181064  0.0185879 -0.0013265  3.28646 0.114466 -9.24135 
             51.0992 -2.18739    1.008 -1.15804 -0.00405146   0.0133591  -0.0313376 0 0 0   -0.011 -0.02329  0.04412  -0.163909 -0.0275567  -0.109906  -0.00103948 -0.000145431  -0.00288643  0.00182302   0.0185686 -0.00135592  3.28645 0.114518 -9.24135 
             51.1993  -1.59787   1.47497 -0.800493 -0.0258324  0.0146265 -0.0459643 0 0 0   -0.011 -0.02329  0.04412   -0.311423 -0.00238512    -0.18662  -0.00101061 -0.000143241  -0.00302953  0.00159485   0.0181894 -0.00129572  3.28637 0.114403 -9.24138 
             51.3005 -0.624053   2.12492 -0.699904 -0.0699645  0.0150041 -0.0664174 0 0 0   -0.011 -0.02329  0.04412 -0.429695 0.0573771 -0.125302  -0.00110001 -0.000157062   -0.0028061  0.00204721   0.0183604 -0.00117887  3.28636 0.114306 -9.24139 
             51.4005  -1.30604   2.25602 -0.130273  -0.100872  0.0150911 -0.0796528 0 0 0   -0.011 -0.02329  0.04412 -0.412353 0.0336987 -0.159279 -0.000975347 -0.000146186  -0.00287574 0.00153324  0.0185601 -0.0012993  3.28648 0.114378 -9.24135 
             51.4997 -0.298026   2.78079    0.5379 -0.156316 0.0172378 -0.103225 0 0 0   -0.011 -0.02329  0.04412  -0.516354 -0.0133288  -0.133933  -0.00111071 -0.000178257  -0.00275614  0.00223881   0.0184855 -0.00115702  3.28644 0.114238 -9.24136 
             51.6005 0.0236302    3.4435  0.834354 -0.203963 0.0230939 -0.113182 0 0 0   -0.011 -0.02329  0.04412 -0.416873 0.0197253 -0.097572  -0.00112588 -0.000146986   -0.0027396 0.00190307  0.0180207 -0.0011166  3.28612 0.114229 -9.24148 
             51.7006   0.22104   3.26789 0.0408847 -0.241684 0.0209026 -0.124371 0 0 0   -0.011 -0.02329  0.04412  -0.356696 -0.0243852  -0.102016   -0.0011405 -0.000169482  -0.00254727  0.00182156   0.0180845 -0.00110517  3.28611 0.114233 -9.24148 
             51.8005    1.0409   3.06543 -0.204793 -0.272909 0.0285191 -0.133875 0 0 0   -0.011 -0.02329  0.04412  -0.245225  0.0461169 -0.0639915  -0.00129387 -0.000125464  -0.00229502  0.00150054   0.0177023 -0.00112449 3.28576 0.11429 -9.2416 
             51.9005  0.403896   2.34437 -0.264078 -0.290968 0.0344125 -0.141505 0 0 0   -0.011 -0.02329  0.04412  -0.120375  0.0384013 -0.0448091  -0.00113906 -5.04463e-05  -0.00245531  0.00132752   0.0176471 -0.00108224  3.28558 0.114292 -9.24166 
             51.9995 0.363726   2.1568 0.478692 -0.297434 0.0297116 -0.145054 0 0 0   -0.011 -0.02329  0.04412  -0.0334985 0.000739126  -0.0153284  -0.00108918 -9.34293e-05  -0.00271364  0.00141987   0.0180651 -0.00099222  3.28574 0.114225 -9.24161 
             52.1005 0.368516  2.15661  1.14625 -0.297919 0.0272115 -0.145034 0 0 0   -0.011 -0.02329  0.04412  0.0164932  0.0129633 0.00357208  -0.00101708 -0.000108844  -0.00290973   0.00159568    0.0182282 -0.000989933  3.28591 0.114172 -9.24155 
             52.1994 0.549191  2.10368 0.676555  -0.29437 0.0237527 -0.144505 0 0 0   -0.011 -0.02329  0.04412  0.0325394 0.00475395 0.00854847  -0.00111381 -7.46608e-05  -0.00259486   0.00163954    0.0185605 -0.000926772  3.28603 0.114143 -9.24151 
             52.3005  0.35294   2.2275 0.938422  -0.29011 0.0206237  -0.14205 0 0 0   -0.011 -0.02329  0.04412 0.0373813 -0.026523 0.0182508  -0.00105069 -0.000110303  -0.00271491   0.00180822    0.0186979 -0.000974184  3.28623 0.114112 -9.24144 
             52.4005 0.661898  2.25593 0.671629  -0.294357 0.00979229  -0.141416 0 0 0   -0.011 -0.02329  0.04412 0.0291495 0.0258241 0.0149864  -0.00116214 -0.000116628   -0.0025619   0.00279153    0.0189142 -0.000764723  3.28665  0.11361 -9.24129 
             52.4996 2.17972 2.20091 1.07476  -0.29361 0.0222516 -0.140129 0 0 0   -0.011 -0.02329  0.04412 -0.00231404    0.201325    0.031121  -0.00119029 -0.000106344  -0.00261848   0.00275136    0.0188185 -0.000765741  3.28657  0.11361 -9.24132 
             52.6005  2.65532  1.33143 0.690165 -0.293401 0.0528857 -0.135639 0 0 0   -0.011 -0.02329  0.04412 0.0101607  0.301026 0.0614905  -0.00119038 -2.85435e-05  -0.00249744   0.00259312    0.0185785 -0.000860454  3.28644 0.113677 -9.24137 
             52.6997   1.3175 0.836383 0.734775 -0.288258 0.0877773 -0.130043 0 0 0   -0.011 -0.02329  0.04412 0.0541469  0.252747  0.034388  -0.00104523 -8.32088e-05  -0.00276074   0.00230577    0.0183056 -0.000983304  3.28625  0.11381 -9.24143 
             52.7995 -1.26075 0.965532  0.75171 -0.278155  0.113368 -0.123804 0 0 0   -0.011 -0.02329  0.04412 0.0530255  0.155852 0.0258541 -0.00098232  -0.0001004 -0.00275012  0.00178955   0.0181467 -0.00119303   3.2861 0.114112 -9.24148 
             52.9005    -2.54156     1.28151 0.000269428 -0.270226   0.12496 -0.119057 0 0 0   -0.011 -0.02329  0.04412 0.0379726 0.0947159 0.0229801  -0.00109692 -0.000134913   -0.0025525  0.00176862   0.0182832 -0.00135295  3.28628  0.11416 -9.24142 
             53.0005 -3.63175  1.21407 0.241849 -0.267262  0.135334 -0.118451 0 0 0   -0.011 -0.02329  0.04412 0.0272897 0.0304559 0.0148005  -0.00108748 -0.000108638  -0.00262483 0.00150335  0.0180258 -0.0013167  3.28603 0.114215 -9.24151 
             53.0996 -4.36287  1.18419 0.655504 -0.266463  0.136194 -0.117744 0 0 0   -0.011 -0.02329  0.04412  0.0270879 -0.0140926  0.0165079  -0.00105995 -9.03249e-05  -0.00272277  0.00157709   0.0179109 -0.00126804  3.28598 0.114118 -9.24152 
             53.1993 -4.48064  1.13232 0.923287  -0.27028  0.134245 -0.119497 0 0 0   -0.011 -0.02329  0.04412  0.0199381  0.0110366 0.00615096  -0.00106079 -8.02007e-05  -0.00271716  0.00193705   0.0174984 -0.00103154  3.28592 0.113613 -9.24155 
             53.2992 -4.74478  1.15574  1.50847 -0.277733  0.135594 -0.121741 0 0 0   -0.011 -0.02329  0.04412 -0.0224904  0.0237348 -0.0134076  -0.00105612 -9.64027e-05  -0.00274165   0.00255566    0.0172211 -0.000881132  3.28599 0.113192 -9.24153 
             53.3994 -5.49971  1.07906  3.50148  -0.27865  0.145389 -0.122502 0 0 0   -0.011 -0.02329  0.04412 -0.0494244  0.0913106 -0.0191377  -0.00105289 -8.69564e-05  -0.00271166  0.00185757   0.0169195 -0.00105091   3.2855 0.113334  -9.2417 
             53.5004 -5.44192 0.878585  7.92829 -0.280302  0.157715 -0.128576 0 0 0   -0.011 -0.02329  0.04412 -0.0760976    0.15809 -0.0619702  -0.00106625 -8.76158e-05  -0.00285435   0.00149252    0.0167038 -0.000920766  3.28543 0.113117 -9.24173 
             53.6004 -6.92424  1.13522  13.4915 -0.278606  0.176833 -0.136315 0 0 0   -0.011 -0.02329  0.04412 -0.0414185   0.278619  -0.192509 -0.000985201 -9.81796e-05  -0.00296957   0.00109922    0.0177301 -0.000960073  3.28565 0.114047 -9.24164 
             53.7004 -9.06536  2.65574  20.2789  -0.28803  0.198267 -0.144614 0 0 0   -0.011 -0.02329  0.04412 -0.154384   0.20466 0.0243458 -0.000905104 -0.000130882  -0.00307293  0.00183737   0.0182801 -0.00084519  3.28638 0.114331 -9.24138 
             53.8005 -10.6379  3.64297  27.8338 -0.310995  0.215491 -0.147794 0 0 0   -0.011 -0.02329  0.04412  -0.129275   0.176319 -0.0632568 -0.000938628 -0.000152708  -0.00300297   0.00246909    0.0154779 -0.000592716  3.28635 0.111522 -9.24142 
             53.9004 -12.4388  4.82671  36.0031  -0.33751  0.232401 -0.151166 0 0 0   -0.011 -0.02329  0.04412  -0.255819   0.166258 -0.0522714  -0.00086201 -0.000127361  -0.00304101   0.00355736    0.0131879 -0.000895428  3.28671 0.109208 -9.24132 
             54.0004 -15.6014  6.97158  44.1152 -0.361721  0.248433 -0.156103 0 0 0   -0.011 -0.02329  0.04412  -0.218228   0.138955 -0.0917322 -0.000779402 -0.000193125   -0.0030544  0.00308667   0.0132817 -0.00123213  3.28619 0.109382 -9.24151 
             54.1004 -18.1099  9.35044  52.1086  -0.38398  0.256692 -0.163841 0 0 0   -0.011 -0.02329  0.04412 -0.214208  0.103997 -0.131958  -0.00082547 -0.000265962  -0.00295104   0.00570792     0.012702 -0.000498581  3.28866 0.108546 -9.24064 
             54.2005 -19.5427  12.1828  59.9791 -0.405205  0.261334 -0.183265 0 0 0   -0.011 -0.02329  0.04412 -0.231603 0.0992463 -0.212468 -0.000910622 -0.000251102  -0.00269241  0.0105175  0.0110428 0.00135741  3.29336 0.106493 -9.23899 
             54.3005 -20.6082  16.4236  69.0505 -0.426414  0.266762 -0.192259 0 0 0   -0.011 -0.02329  0.04412 -0.264707 0.0634729 0.0216391 -0.000794588 -0.000330549   -0.0029681  0.0127145  0.0125617 0.00240116  3.29572 0.107839 -9.23813 
             54.4004 -21.313 18.4383 77.5959 -0.448452  0.267253 -0.191763 0 0 0   -0.011 -0.02329  0.04412  -0.209718  0.0104092 -0.0595452 -0.000722432 -0.000249468  -0.00304767  0.0178139  0.0135674 0.00403387  3.30076 0.108558 -9.23632 
             54.5005 -22.6545  21.7299  85.6497 -0.467408  0.262323 -0.192217 0 0 0   -0.011 -0.02329  0.04412  -0.216217 -0.0328306 -0.0116907 -0.000685222 -0.000371473  -0.00308923  0.0241165  0.0123422 0.00619244  3.30693 0.107056 -9.23414 
             54.6004 -22.5227  24.5091  94.2045 -0.480491  0.254515 -0.195316 0 0 0   -0.011 -0.02329  0.04412  -0.153862 -0.0328516 -0.0413111 -0.000687499 -0.000329797  -0.00298844  0.0323294  0.0157475 0.00926065   3.3152 0.110095 -9.23113 
             54.6996 -22.4116  27.1724  102.716 -0.488271  0.243208 -0.198727 0 0 0   -0.011 -0.02329  0.04412  -0.108129  -0.057709 -0.0494259  -0.00061707 -0.000344321  -0.00300978 0.0441381 0.0161785 0.0136337  3.32693 0.110126 -9.22691 
             54.7996 -20.0032       30  112.143 -0.496063  0.223288 -0.207766 0 0 0   -0.011 -0.02329  0.04412 -0.0943675  -0.141372  -0.165114 -0.000663335 -0.000375849  -0.00307658  0.0549288 0.00798408  0.0174902  3.33742  0.10173 -9.22322 
             54.9004 -17.3008  33.1577  121.674 -0.500143  0.209394 -0.224383 0 0 0   -0.011 -0.02329  0.04412 -0.0893097  -0.140414 -0.0397484 -0.000724003 -0.000397255  -0.00291159 0.0587703 0.0149329 0.0191069  3.34138 0.108508 -9.22171 
             55.0004 -14.4696  36.1994  132.391 -0.520792  0.191037 -0.225523 0 0 0   -0.011 -0.02329  0.04412 -0.128112 -0.161506 0.0113508  -0.00060217 -0.000433776  -0.00307014  0.0524838 0.00307457  0.0169193   3.33509 0.0969063  -9.22411 
             55.1004 -13.8788  37.4362  140.378 -0.535659  0.171878 -0.224286 0 0 0   -0.011 -0.02329  0.04412 -0.0814425  -0.153234  0.0210643 -0.000591693 -0.000435311  -0.00278834   0.0503401 -0.00377598   0.0155555   3.33275 0.0901774  -9.22503 
             55.1994 -10.5881  39.4602  150.321 -0.551478  0.147486 -0.223536 0 0 0   -0.011 -0.02329  0.04412 -0.0681188  -0.179314 0.00843319 -0.000682642 -0.000470388  -0.00274047 0.0461052 -0.017754 0.0135865   3.32842 0.0764151  -9.22672 
             55.2993 -8.37396  40.3858  159.674 -0.569956  0.127918 -0.228223 0 0 0   -0.011 -0.02329  0.04412 -0.0921969  -0.139908 -0.0209581 -0.000601898 -0.000518641  -0.00274873  0.0371042 -0.0284724  0.0101389   3.31952 0.0658497     -9.23 
             55.3995 -4.99412  41.0734  168.703 -0.572504   0.10774 -0.229472 0 0 0   -0.011 -0.02329  0.04412 -0.0623386  -0.132764 -0.0269687 -0.000649771 -0.000462293  -0.00267473   0.044149 -0.0329364  0.0127479   3.32653 0.0614729  -9.22751 
             55.4995 0.202054  41.1349  178.457 -0.560187  0.099612 -0.233012 0 0 0   -0.011 -0.02329  0.04412  0.0299463  -0.217105 -0.0824192 -0.000719151 -0.000436903  -0.00266107  0.0555899 -0.0189271  0.0171291   3.33769 0.0754093  -9.22337 
             55.6004  4.41152  41.4873 -171.476 -0.546179 0.0797076 -0.237181 0 0 0   -0.011 -0.02329  0.04412 0.00664772  -0.134645  0.0574052 -0.000664274 -0.000509152  -0.00264548  0.0651284 -0.0172758   0.020918   3.34716 0.0771748  -9.21992 
             55.6996  8.14002   40.913 -162.379 -0.539672 0.0626054 -0.227527 0 0 0   -0.011 -0.02329  0.04412 0.0314648 -0.139108 0.0341637 -0.000719837 -0.000502322  -0.00253593  0.0702927 -0.0185846  0.0227992   3.35228 0.0759844  -9.21808 
             55.8005  9.55847  39.9329 -154.656 -0.534987 0.0550264 -0.223975 0 0 0   -0.011 -0.02329  0.04412  0.0623433 -0.0719002  0.0586426  -0.00058248 -0.000523033  -0.00271213  0.0697421 -0.0161533  0.0226372   3.35168 0.0783705  -9.21827 
             55.9003  12.8693  38.9253 -145.893 -0.528191 0.0462862 -0.216458 0 0 0   -0.011 -0.02329  0.04412  0.0870667 -0.0690801  0.0316773 -0.000613089 -0.000542311  -0.00278255  0.0691418 -0.0176204   0.022283    3.3511 0.0769031   -9.2185 
             55.9997 13.9861 37.1969 -138.86 -0.516872 0.0369225 -0.209879 0 0 0   -0.011 -0.02329  0.04412 0.0596646 -0.066029 0.0407845  -0.00057841 -0.000527233   -0.0026763  0.0723385 -0.0201333  0.0232468   3.35427 0.0745419  -9.21737 
             56.1003  16.1062  35.5634 -131.952 -0.509561 0.0335855 -0.207358 0 0 0   -0.011 -0.02329  0.04412 0.0242908 -0.024881 0.0234455 -0.000633044 -0.000523965  -0.00265459  0.0747549 -0.0193577  0.0241089    3.3566 0.0754146  -9.21651 
             56.1993  18.4432  33.9342 -125.865 -0.497183 0.0251163  -0.20479 0 0 0   -0.011 -0.02329  0.04412   0.103374 -0.0452903 -0.0672693 -0.000633438 -0.000552155  -0.00266507  0.0785751 -0.0238544  0.0254348   3.36055 0.0711784   -9.2151 
             56.3005  20.3731  32.7196 -121.488 -0.484135 0.0107602 -0.210961 0 0 0   -0.011 -0.02329  0.04412  0.108619  -0.08569 0.0105375  -0.00063519 -0.000567715  -0.00258289 0.0774272 -0.027086 0.0250208    3.3596 0.0679274  -9.21547 
             56.4003  21.5269  32.5098 -116.638   -0.473412 -0.00253337   -0.203439 0 0 0   -0.011 -0.02329  0.04412  0.0524936 -0.0570931  0.0325637 -0.000616478  -0.00061199  -0.00262179  0.0788765 -0.0315215  0.0253915   3.36124 0.0636541  -9.21491 
             56.4995  20.1163  31.8979 -115.804   -0.480548 -0.00885787   -0.203327 0 0 0   -0.011 -0.02329  0.04412 -0.0234335 -0.0214252  0.0229849 -0.000649845 -0.000554065  -0.00230936  0.0744406 -0.0313173  0.0235918   3.35682 0.0635258  -9.21652 
             56.5995  19.2273  31.4226 -114.882    -0.47946 -0.00875672   -0.203616 0 0 0   -0.011 -0.02329  0.04412 -0.0142993  -0.018611 0.00937316 -0.000619995 -0.000543892  -0.00244616  0.0758616 -0.0307571  0.0243029  3.35824 0.064195   -9.216 
             56.7004 18.9389 31.4062 -114.89   -0.482142 -0.00958802   -0.206435 0 0 0   -0.011 -0.02329  0.04412  -0.0141472  -0.0291511 -0.00330864 -0.000690364 -0.000568681  -0.00234268  0.0751114 -0.0294916  0.0243008   3.35749 0.0653791  -9.21626 
             56.7996  18.8084  31.3388 -114.914   -0.488013 -0.00896353   -0.207782 0 0 0   -0.011 -0.02329  0.04412 -0.0949413 -0.0650989 -0.0195972 -0.000695499 -0.000555824  -0.00238051  0.0755731 -0.0274595  0.0245494    3.3578 0.0674141  -9.21613 
             56.8995  18.8149  31.0679 -114.491  -0.491767 -0.0167623  -0.210521 0 0 0   -0.011 -0.02329  0.04412  -0.164815  -0.139953 -0.0393604 -0.000716114 -0.000554668  -0.00240256  0.0792929 -0.0284419  0.0260339   3.36156 0.0668188  -9.21477 
             57.0004  20.2712   31.375 -113.456  -0.510585 -0.0391198  -0.217771 0 0 0   -0.011 -0.02329  0.04412 -0.208857 -0.252449  -0.10317 -0.000773345 -0.000613318   -0.0023923  0.0785278 -0.0294441  0.0257881   3.36091 0.0657661  -9.21501 
             57.1005  21.9485  31.6661 -112.466  -0.528909 -0.0723568  -0.231214 0 0 0   -0.011 -0.02329  0.04412  -0.21395 -0.344879  -0.15272 -0.000810877 -0.000605848  -0.00239275   0.078439 -0.0313105  0.0260837   3.3611 0.063953 -9.21495 
             57.2005  22.4154  32.0037 -111.658 -0.547153 -0.110939 -0.243702 0 0 0   -0.011 -0.02329  0.04412  -0.209666  -0.395676 -0.0322938  -0.00070753 -0.000606145   -0.0024719  0.0793602 -0.0323304  0.0264595   3.36211 0.0630561  -9.21459 
             57.3003  21.237 31.6348 -111.88 -0.572215 -0.145984 -0.246354 0 0 0   -0.011 -0.02329  0.04412 -0.246395 -0.401793 -0.117243 -0.000650671 -0.000518715  -0.00246797   0.080158 -0.0309985  0.0267118   3.36275 0.0644355  -9.21435 
             57.3995  22.3627  30.0563 -111.295 -0.592646  -0.18284 -0.258214 0 0 0   -0.011 -0.02329  0.04412  -0.31581 -0.398207 -0.125302  -0.00073925 -0.000504484  -0.00244068   0.082104 -0.0312178  0.0278219    3.3648 0.0644427   -9.2136 
             57.5003  23.3641  29.3302 -110.599 -0.622031 -0.225186 -0.270115 0 0 0   -0.011 -0.02329  0.04412 -0.353238   -0.5056 -0.190204 -0.000713078 -0.000517607  -0.00257964  0.0838395 -0.0315076    0.02825   3.36645 0.0643362    -9.213 
             57.6004  21.7043  29.7863 -113.317 -0.673176 -0.280679 -0.277317 0 0 0   -0.011 -0.02329  0.04412  -0.522622    -0.4791 -0.0660853 -0.000705902 -0.000515646  -0.00230312  0.0810083 -0.0325694  0.0268878  3.36368 0.062991 -9.21402 
             57.7003  18.3309   31.494 -118.895 -0.723866 -0.327034 -0.290576 0 0 0   -0.011 -0.02329  0.04412 -0.453148 -0.443258  -0.23891 -0.000682378 -0.000571988  -0.00205248   0.081236 -0.0334579  0.0266968    3.3639 0.0621429  -9.21395 
             57.7995  17.3979  33.9779 -123.668 -0.764306 -0.374637 -0.319664 0 0 0   -0.011 -0.02329  0.04412 -0.514163 -0.468924 -0.319306 -0.000797886  -0.00061658  -0.00214927  0.0822327 -0.0352012   0.027283   3.36511 0.0605571  -9.21351 
             57.9005  17.6959  36.6282 -126.399 -0.810731 -0.408266 -0.337587 0 0 0   -0.011 -0.02329  0.04412  -0.49733  -0.39297 -0.107985 -0.000798011 -0.000675404  -0.00230519   0.084815 -0.0328112  0.0285727   3.36751 0.0631575  -9.21262 
             58.0004  15.6516  35.5907 -130.123 -0.869486 -0.439334 -0.350476 0 0 0   -0.011 -0.02329  0.04412 -0.559185 -0.282015 -0.134277 -0.000819663 -0.000462863  -0.00234464  0.0836045 -0.0312575  0.0280696   3.36617 0.0645502   -9.2131 
             58.1004  19.6633  35.6878 -129.728 -0.911659 -0.470464 -0.366436 0 0 0   -0.011 -0.02329  0.04412  -0.53345 -0.323503 -0.197325  -0.00101835 -0.000606212  -0.00233529  0.0862917 -0.0333956  0.0293839   3.36908 0.0627257  -9.21205 
             58.2004  21.0315  35.1633 -130.503 -0.965938 -0.504681 -0.389455 0 0 0   -0.011 -0.02329  0.04412  -0.522166  -0.449198 -0.0740577 -0.000905962 -0.000551147  -0.00248728  0.0861808 -0.0313599  0.0294034   3.36883 0.0646991  -9.21213 
             58.3003  19.0901  36.6939 -131.034   -1.0119 -0.545648 -0.395885 0 0 0   -0.011 -0.02329  0.04412  -0.417917  -0.451962 -0.0604935 -0.000688712 -0.000681123  -0.00245456  0.0865064 -0.0305793  0.0300236   3.36926 0.0654941  -9.21196 
             58.3994  19.1833  35.4841 -129.118  -1.04954  -0.60003 -0.407609 0 0 0   -0.011 -0.02329  0.04412 -0.424856 -0.506568  -0.19106 -0.000785578 -0.000568071  -0.00253629  0.0864988 -0.0328231  0.0300461  3.36941 0.063312 -9.21192 
             58.5004   17.807  34.2797 -127.417 -1.09197  -0.6582 -0.42907 0 0 0   -0.011 -0.02329  0.04412 -0.398863 -0.526504  -0.10488 -0.000715143 -0.000552909  -0.00253857  0.0858066 -0.0346163  0.0299501   3.36891 0.0615236  -9.21212 
             58.6003  18.0213  33.6461 -125.713  -1.13616 -0.709231 -0.439791 0 0 0   -0.011 -0.02329  0.04412 -0.379247 -0.489374 -0.129258 -0.000777143 -0.000608218  -0.00251903   0.084412 -0.0341074  0.0294555   3.36752 0.0619261  -9.21262 
             58.7003  19.2243  33.0905 -122.634  -1.16582 -0.754296 -0.458178 0 0 0   -0.011 -0.02329  0.04412 -0.266477 -0.568145 -0.180607 -0.000762383 -0.000636866  -0.00263298  0.0855645 -0.0324332  0.0300997  3.36861 0.063631 -9.21221 
             58.8004  20.1008   32.102 -118.517  -1.18416 -0.815628 -0.470194 0 0 0   -0.011 -0.02329  0.04412 -0.250301 -0.595643 0.0167083 -0.000719376 -0.000624772  -0.00267346  0.0866298 -0.0334458  0.0307217   3.36978 0.0627244  -9.21179 
             58.9003  19.9878  31.1699 -113.907  -1.20903 -0.885469 -0.471951 0 0 0   -0.011 -0.02329  0.04412  -0.165644   -0.63247 -0.0424704 -0.000713145 -0.000659669  -0.00256962  0.0846251 -0.0356059  0.0304208   3.36813 0.0604896  -9.21241 
             59.0003  19.3617  29.7752 -110.658  -1.23304 -0.941817 -0.481161 0 0 0   -0.011 -0.02329  0.04412 -0.163436 -0.644438 -0.113899 -0.000700377 -0.000606187  -0.00254311  0.0837563 -0.0333614  0.0299365   3.36707 0.0625956  -9.21278 
             59.1004  17.7685  28.2965 -108.516  -1.23665  -1.02003 -0.491488 0 0 0   -0.011 -0.02329  0.04412  -0.198922  -0.639066 -0.0233169 -0.000683999 -0.000599318  -0.00248037   0.085336 -0.0375633  0.0305688   3.36895 0.0586556  -9.21212 
             59.2006  20.6358  28.3901 -103.871  -1.24821  -1.08198 -0.486595 0 0 0   -0.011 -0.02329  0.04412  -0.195661  -0.564488 -0.0386543 -0.000726155 -0.000669786  -0.00272724  0.0870721 -0.0390278  0.0307298  3.37061 0.057386 -9.21153 
             59.3002  20.6474  27.0364 -102.294  -1.26744  -1.13777 -0.498488 0 0 0   -0.011 -0.02329  0.04412 -0.130252 -0.610818 -0.145695 -0.000756445 -0.000614641  -0.00246679  0.0867288 -0.0382099   0.030892   3.37028 0.0581564  -9.21164 
             59.4005  21.3615  25.9021 -101.212  -1.28195  -1.18944 -0.523616 0 0 0   -0.011 -0.02329  0.04412 -0.0779505  -0.522842  -0.214267 -0.000802389 -0.000616181  -0.00243891  0.0863503 -0.0362173  0.0311046    3.3698 0.0600582   -9.2118 
             59.5003  21.4361  26.1584 -100.155  -1.28648  -1.22727 -0.542564 0 0 0   -0.011 -0.02329  0.04412 -0.0690375   -0.35924  -0.248818 -0.000779651 -0.000644744  -0.00245975  0.0877448 -0.0354371  0.0314887     3.371 0.0609956  -9.21136 
             59.6002 21.2514 26.5667 -99.808  -1.28999  -1.26567 -0.553499 0 0 0   -0.011 -0.02329  0.04412 -0.0203274  -0.313628  -0.259097 -0.000847052  -0.00062103  -0.00232351   0.088619 -0.0369279  0.0300604   3.37149 0.0595777  -9.21119 
             59.7003  21.1577  27.1159 -99.4349  -1.30115  -1.28678 -0.557224 0 0 0   -0.011 -0.02329  0.04412 -0.0162755  -0.211548  -0.144176 -0.000783267 -0.000655261  -0.00242858  0.0900273 -0.0358215  0.0282473   3.37195 0.0607026  -9.21101 
             59.8003   21.348  27.6397 -99.1949  -1.31642  -1.30283 -0.553059 0 0 0   -0.011 -0.02329  0.04412 -0.0253988  -0.140092 -0.0741521 -0.000839303 -0.000635194   -0.0023781  0.0900496 -0.0345278  0.0259065   3.37104 0.0617713  -9.21134 
             59.9003 20.4399 27.2603 -99.181  -1.32284  -1.30849 -0.544103 0 0 0   -0.011 -0.02329  0.04412 -0.0508325 -0.0774583 -0.0231064 -0.000765217 -0.000593805  -0.00243902  0.0917041 -0.0339081   0.024782   3.37197 0.0625119  -9.21099 
             60.0003  20.5425  26.4918 -99.0937  -1.32059  -1.31228 -0.533347 0 0 0   -0.011 -0.02329  0.04412 -0.0497947  -0.058591 0.00159063  -0.00077538 -0.000601095   -0.0025016 0.0941288 -0.034879 0.0245775   3.37406 0.0619279  -9.21023 
             60.1003  20.9902  25.5222 -98.6145  -1.32282  -1.31869 -0.530486 0 0 0   -0.011 -0.02329  0.04412 -0.0293265 -0.0776988 0.00516035 -0.000770649 -0.000616389   -0.0026244   0.094635 -0.0351574  0.0245308   3.37451 0.0617351  -9.21007 
             60.2003  21.2461  24.5405 -98.4938   -1.3173  -1.32705 -0.528706 0 0 0   -0.011 -0.02329  0.04412 0.00983219  -0.108432  0.0117206 -0.000790245 -0.000629969  -0.00251946 0.0955825 -0.035793 0.0250122   3.37555 0.0613177  -9.20969 
             60.3004  21.3365  23.8103 -98.4016  -1.31242  -1.34303 -0.529513 0 0 0   -0.011 -0.02329  0.04412    0.0136427    -0.125785 -7.86245e-05 -0.000810552 -0.000668239  -0.00241526  0.0953475 -0.0367211  0.0252103   3.37556 0.0604228  -9.20969 
             60.4002   21.329  23.4071 -97.9243  -1.31324  -1.35905 -0.536639 0 0 0   -0.011 -0.02329  0.04412 -0.0184658  -0.135985 -0.0359843 -0.000789604  -0.00066235  -0.00246703  0.0943558 -0.0369155  0.0254555   3.37485 0.0601015  -9.20995 
             60.5002  21.5199  23.0865 -97.2177  -1.31566  -1.37941 -0.546153 0 0 0   -0.011 -0.02329  0.04412   0.016351   -0.25887 -0.0756057  -0.00076998 -0.000662977  -0.00253907  0.0936209 -0.0369381  0.0256631    3.3743 0.0599752  -9.21015 
             60.6003   22.073  23.1486 -96.8757  -1.32253  -1.40473 -0.549578 0 0 0   -0.011 -0.02329  0.04412 -0.0521213  -0.295917  0.0608256 -0.000805039 -0.000689848   -0.0024755  0.0934171 -0.0357223  0.0255778    3.3739 0.0610782  -9.21029 
             60.7003  21.3695  22.7107 -97.1415 -1.32861  -1.4405 -0.54619 0 0 0   -0.011 -0.02329  0.04412 -0.0679268  -0.378295 0.00306688  -0.00075811 -0.000627245  -0.00247835   0.092818 -0.0356509  0.0254361   3.37335 0.0610357   -9.2105 
             60.8003   17.936  22.9912 -98.1825  -1.34307  -1.48338 -0.550326 0 0 0   -0.011 -0.02329  0.04412  -0.108689  -0.401834 -0.0767669 -0.000618902 -0.000631979  -0.00248536  0.0921567 -0.0356338  0.0248269   3.37263 0.0609032  -9.21076 
             60.9003  19.3098  23.9124 -96.5845  -1.35516  -1.52523 -0.557423 0 0 0   -0.011 -0.02329  0.04412 -0.0713639  -0.500393  -0.097104 -0.000723788 -0.000684761  -0.00276616  0.0923416 -0.0349818  0.0246067    3.3726 0.0615315  -9.21077 
             60.9995  18.6186  25.0651 -96.9586  -1.36935   -1.5848 -0.563855 0 0 0   -0.011 -0.02329  0.04412  -0.161563  -0.656465 -0.0565011 -0.000687529 -0.000697708  -0.00254133  0.0917424 -0.0349021  0.0241315   3.37196 0.0614699    -9.211 
             61.1004  19.2071   24.438 -96.7446 -1.37989 -1.65426 -0.56066 0 0 0   -0.011 -0.02329  0.04412  -0.19424 -0.669785 0.0157444 -0.000754041 -0.000659856  -0.00256612  0.0922104 -0.0361087  0.0243792   3.37263 0.0604434  -9.21077 
             61.2003  20.6624  24.5194 -95.5358  -1.40166  -1.71803 -0.565017 0 0 0   -0.011 -0.02329  0.04412 -0.206694 -0.676256 -0.102943 -0.000791042 -0.000691605  -0.00248476  0.0923347 -0.0353958  0.0243695    3.3726 0.0611275  -9.21077 
             61.2994 22.9408 23.6191 -94.786  -1.42457  -1.79148 -0.574526 0 0 0   -0.011 -0.02329  0.04412   -0.23266  -0.801445 -0.0977014 -0.000862948 -0.000642219  -0.00252601 0.0920638 -0.035447 0.0241024   3.37231 0.0610095  -9.21088 
             61.4003 23.6274 22.6691 -94.929  -1.44816  -1.88112 -0.580358 0 0 0   -0.011 -0.02329  0.04412 -0.249131 -0.885734 0.0722395 -0.000859799 -0.000647183  -0.00241458  0.0917719 -0.0356223  0.0241045   3.37211 0.0607968  -9.21095 
             61.5002  22.2226  25.1984 -94.9962  -1.47076   -1.9696 -0.576864 0 0 0   -0.011 -0.02329  0.04412 -0.159383 -0.929308 -0.068962 -0.000689754  -0.00077705  -0.00241436  0.0919726 -0.0354002  0.0239539   3.37218 0.0610264  -9.21092 
             61.6005   21.789  24.6795 -95.0297   -1.4793  -2.06677 -0.586187 0 0 0   -0.011 -0.02329  0.04412 -0.169807  -1.06459 -0.213016 -0.000758108 -0.000632564  -0.00252615  0.0928626 -0.0363088   0.024304  3.37318  0.06037 -9.21056 
             61.7003  21.7529  24.0299 -95.2059 -1.49636 -2.17494 -0.59074 0 0 0   -0.011 -0.02329  0.04412 -0.215443 -0.975974 0.0325621 -0.000809812 -0.000609535  -0.00244472 0.0924456 -0.037352 0.0243767   3.37306 0.0593353  -9.21061 
             61.8003 22.8255 24.8272 -93.376  -1.51981   -2.2758 -0.605681 0 0 0   -0.011 -0.02329  0.04412 -0.163912  -1.05034 -0.140079 -0.000815894 -0.000766778  -0.00255926  0.0914933 -0.0368026  0.0246821   3.37228 0.0596938   -9.2109 
             61.8995  22.3885  23.7607 -93.9746  -1.52905  -2.38744 -0.613015 0 0 0   -0.011 -0.02329  0.04412 -0.203578  -1.04542 0.0176094 -0.000791873 -0.000612485  -0.00248046 0.0920999 -0.038095 0.0247512   3.37304 0.0586174  -9.21063 
             62.0003  21.4466   25.478 -93.5708  -1.55741   -2.4708 -0.612952 0 0 0   -0.011 -0.02329  0.04412  -0.169295   -1.00223 -0.0675995 -0.000769204 -0.000692842  -0.00252479  0.0934473 -0.0353929  0.0249835   3.37368 0.0613696  -9.21037 
             62.1003  21.2687  25.1331 -93.6952  -1.58273  -2.57421 -0.630168 0 0 0   -0.011 -0.02329  0.04412 -0.182609  -1.15093 -0.310467 -0.000753625 -0.000647339  -0.00260305  0.0930154 -0.0343444  0.0248835   3.3731 0.062246 -9.21058 
             62.1995  21.7873  24.2743 -93.6488  -1.61028  -2.67882 -0.637415 0 0 0   -0.011 -0.02329  0.04412  -0.292488   -1.02592 -0.0598521 -0.000766763 -0.000636485  -0.00259088  0.0928114 -0.0338305  0.0247215   3.37279 0.0626656  -9.21069 
             62.2994  23.1714  24.4697 -91.9186  -1.63099  -2.78224 -0.650248 0 0 0   -0.011 -0.02329  0.04412 -0.177707   -1.1076 -0.174553 -0.000793879 -0.000734476  -0.00255658  0.0931165 -0.0339259  0.0249404   3.37312 0.0626545  -9.21057 
             62.4003 22.6274 23.3806 -92.523  -1.64771  -2.89869 -0.652882 0 0 0   -0.011 -0.02329  0.04412 -0.156229  -1.04235  0.219677 -0.000741043 -0.000632578  -0.00255519  0.0924049 -0.0344871  0.0246095   3.37256 0.0619789  -9.21078 
             62.5005  21.6392  25.9731 -92.3255  -1.65809  -3.00214 -0.635928 0 0 0   -0.011 -0.02329  0.04412 -0.0965873   -1.08013  0.0994346 -0.000784108 -0.000754315  -0.00259295  0.0926505 -0.0346023  0.0247258   3.37281 0.0619311  -9.21069 
             62.5993   20.764  24.6469 -93.2762  -1.66523  -3.11434 -0.646911 0 0 0   -0.011 -0.02329  0.04412 -0.190433   -1.0986 0.0598437 -0.000837672 -0.000556718  -0.00254463  0.0922089 -0.0344354  0.0257264   3.37274 0.0620935  -9.21071 
             62.7002 21.9619 24.9399 -92.185  -1.69471  -3.21692 -0.645526 0 0 0   -0.011 -0.02329  0.04412 -0.256514 -0.989855 0.0536796 -0.000838354 -0.000636777  -0.00265506  0.0905051 -0.0336966  0.0263073   3.37142 0.0624978   -9.2112 
             62.7994  22.7605  24.4878 -91.2514  -1.72498  -3.32327 -0.665573 0 0 0   -0.011 -0.02329  0.04412 -0.153644  -1.11937 -0.138118 -0.000709935 -0.000624755  -0.00258518  0.0881381 -0.0320946  0.0270861   3.36945 0.0635773  -9.21191 
             62.8994   21.609  23.7191 -91.7865  -1.74096  -3.41735 -0.689869 0 0 0   -0.011 -0.02329  0.04412  -0.227404  -0.889609 -0.0787733 -0.000638465 -0.000564637  -0.00259262  0.0880353 -0.0321895  0.0285501   3.36984 0.0636211  -9.21177 
             63.0003  21.1715  25.9865 -91.4826  -1.74947  -3.51078 -0.707685 0 0 0   -0.011 -0.02329  0.04412 -0.112687  -0.95412 -0.193898 -0.000645198 -0.000685415  -0.00250466  0.0879243 -0.0331333  0.0294412   3.37022 0.0628385  -9.21163 
             63.1002  19.9481  24.3501 -90.9271  -1.75931  -3.62046 -0.727294 0 0 0   -0.011 -0.02329  0.04412 -0.105355  -1.02886 -0.102641 -0.000572194 -0.000552387  -0.00267634  0.0877127 -0.0343059   0.028796    3.3701 0.0616733  -9.21168 
             63.1994  22.2451  23.8704 -87.3734  -1.76097  -3.72451 -0.714347 0 0 0   -0.011 -0.02329  0.04412 -0.0519423  -0.977299 -0.0794087 -0.000776295 -0.000721238  -0.00280298  0.0888732 -0.0366148  0.0276927   3.37117 0.0597036   -9.2113 
             63.3003  22.4044  21.8465 -84.8704  -1.75432  -3.82469 -0.712504 0 0 0   -0.011 -0.02329  0.04412  0.102523  -1.09407 -0.131755 -0.000657016 -0.000567046  -0.00277079 0.0902004 -0.037515 0.0271915   3.37226 0.0591063  -9.21091 
             63.4002  21.7222  19.4469 -82.9788  -1.73868  -3.93572 -0.702805 0 0 0   -0.011 -0.02329  0.04412 0.102786 -1.01012 0.146985  -0.00063961 -0.000529408  -0.00269483   0.090636 -0.0390872  0.0267064   3.37281 0.0577417  -9.21072 
             63.5003  19.8261   22.494 -80.8455  -1.72079  -4.04604 -0.690148 0 0 0   -0.011 -0.02329  0.04412 0.216738 -1.08482  0.01994 -0.000435651 -0.000815123  -0.00263334  0.0900788 -0.0400466    0.02638  3.37252 0.056729 -9.21083 
             63.6003  19.0587  19.2711 -78.9414  -1.70292  -4.16724 -0.690602 0 0 0   -0.011 -0.02329  0.04412 0.236324 -1.02828 0.187407 -0.000541336 -0.000547203  -0.00272053  0.0889881 -0.0403582  0.0258609    3.3716 0.0561286  -9.21117 
             63.7002  20.4613  18.8333 -74.3919 -1.68028 -4.27011  -0.6762 0 0 0   -0.011 -0.02329  0.04412  0.241012  -1.00507 0.0911113 -0.000592868 -0.000621037  -0.00289638 0.0890528 -0.040679 0.0260273   3.37179 0.0558898   -9.2111 
             63.8004  20.8031  16.3606 -71.3589  -1.63939  -4.37318 -0.673185 0 0 0   -0.011 -0.02329  0.04412 0.283722 -1.05238 0.137497 -0.000590919 -0.000588652  -0.00295289  0.0894268 -0.0413154  0.0264866   3.37239 0.0555163  -9.21088 
             63.9003 18.8582 16.2432 -69.198  -1.60989  -4.46342 -0.650818 0 0 0   -0.011 -0.02329  0.04412  0.322315 -0.940217  0.239303 -0.000477097 -0.000627545  -0.00280057  0.0902455 -0.0407451  0.0267441   3.37288 0.0562847   -9.2107 
             63.9994  18.3833  16.9843 -67.4876  -1.57826  -4.55635 -0.638178 0 0 0   -0.011 -0.02329  0.04412  0.392965   -1.0465 0.0803446 -0.000569322 -0.000706784  -0.00278343  0.0903463 -0.0398685  0.0271348   3.37275 0.0571087  -9.21074 
             64.0993  18.4077  14.2701 -66.1193  -1.53967   -4.6563 -0.628984 0 0 0   -0.011 -0.02329  0.04412  0.298056 -0.990216  0.244055 -0.000579677 -0.000573303  -0.00287226  0.0905472 -0.0396558  0.0276272   3.37294 0.0574421  -9.21067 
             64.2002   19.753   14.831 -63.1513  -1.50279  -4.75529 -0.617727 0 0 0   -0.011 -0.02329  0.04412  0.402979 -0.984767   0.10148 -0.000638851 -0.000715564  -0.00285866  0.0904526 -0.0397401  0.0282831   3.37307 0.0574681  -9.21062 
             64.3004  19.6654  13.3267 -62.7757 -1.45709 -4.85525 -0.61202 0 0 0   -0.011 -0.02329  0.04412  0.400708 -0.962661  0.127041 -0.000639411 -0.000603272  -0.00276723  0.0904304 -0.0397622  0.0284939   3.37311 0.0574858  -9.21061 
             64.4002  18.6087   14.985 -62.0594 -1.42861  -4.9484  -0.5983 0 0 0   -0.011 -0.02329  0.04412  0.370304 -0.907428  0.115734 -0.000626383 -0.000781895  -0.00271198  0.0901796 -0.0389472   0.028607    3.3726 0.0580077  -9.21079 
             64.5002  18.6791  14.6518 -61.9827  -1.38144  -5.04099 -0.588069 0 0 0   -0.011 -0.02329  0.04412   0.457633   -1.03227 -0.0884158 -0.000714108  -0.00067631  -0.00263608  0.0907761 -0.0397093  0.0284686   3.37331 0.0576933  -9.21053 
             64.6001    19.15   13.745 -61.5381  -1.33713  -5.12865 -0.570458 0 0 0   -0.011 -0.02329  0.04412  0.341675 -0.835585  0.239338 -0.000733631 -0.000628957  -0.00259504  0.0909722 -0.0401681  0.0283141   3.37363 0.0574237  -9.21042 
             64.7003   18.406  13.4281 -60.6774  -1.30364  -5.22261 -0.556574 0 0 0   -0.011 -0.02329  0.04412  0.459504 -0.873942 0.0683971 -0.000595957 -0.000605149  -0.00273744  0.0902417 -0.0398122  0.0276704   3.37286 0.0571742   -9.2107 
             64.8002  18.8879  13.1491 -60.3988  -1.26402  -5.31079 -0.546862 0 0 0   -0.011 -0.02329  0.04412  0.321511 -0.826423  0.262718 -0.000696181 -0.000657217  -0.00268127  0.0902872 -0.0394065  0.0277324   3.37269 0.0574891  -9.21076 
             64.9004   17.897  13.9027 -60.2702  -1.22861  -5.38325 -0.521554 0 0 0   -0.011 -0.02329  0.04412  0.388679 -0.768821  0.132819 -0.000626404 -0.000751633  -0.00256486   0.091027 -0.0396994  0.0278131    3.3733 0.0576728  -9.21054 
             64.9993  17.3802  13.5886 -60.2032 -1.18887 -5.45992 -0.51676 0 0 0   -0.011 -0.02329  0.04412  0.414398 -0.865405 0.0437408 -0.000661194 -0.000651164  -0.00274313 0.0911437  -0.03937  0.028276    3.3733 0.0580643  -9.21054 
             65.1002  17.5456  13.0244 -59.3603 -1.14495 -5.53601 -0.49971 0 0 0   -0.011 -0.02329  0.04412  0.365493 -0.713467  0.272972 -0.000680124  -0.00064195  -0.00270987  0.0914977 -0.0397072  0.0284908   3.37372 0.0580711  -9.21038 
             65.2001  17.6829  12.8307 -57.2525   -1.1081  -5.60962 -0.483427 0 0 0   -0.011 -0.02329  0.04412  0.413947 -0.747322 0.0966966 -0.000610474 -0.000695864  -0.00279749   0.091533 -0.0397053   0.028649   3.37377 0.0581298  -9.21036 
             65.3002   18.893   11.821 -56.1905  -1.06046  -5.68562 -0.474567 0 0 0   -0.011 -0.02329  0.04412  0.432822 -0.783698  0.169803  -0.00070576 -0.000619783  -0.00274007    0.09158 -0.0397342  0.0287265   3.37383 0.0581548  -9.21034 
             65.4001 18.1905  11.334 -55.935  -1.01995  -5.75702 -0.460042 0 0 0   -0.011 -0.02329  0.04412  0.443987 -0.660653  0.133317 -0.000699283 -0.000625401  -0.00267716  0.0916187 -0.0396263  0.0290527   3.37386 0.0583265  -9.21033 
             65.5001   17.026  12.0635 -56.2678 -0.970835  -5.81541 -0.452841 0 0 0   -0.011 -0.02329  0.04412   0.627311  -0.644235 0.00185479 -0.000651981 -0.000615799  -0.00264747  0.0922299 -0.0392862  0.0288547  3.37397 0.058811 -9.21029 
             65.5994  15.8744    11.24 -54.5339 -0.908155  -5.88464 -0.438843 0 0 0   -0.011 -0.02329  0.04412  0.610295 -0.572626   0.39396 -0.000634072 -0.000628555  -0.00282727  0.0923013 -0.0394061  0.0281763   3.37394 0.0586018   -9.2103 
             65.7002  16.1761  10.7878 -50.0254 -0.846163  -5.93315 -0.392035 0 0 0   -0.011 -0.02329  0.04412  0.671428 -0.462759  0.256152 -0.000607595 -0.000666229  -0.00286377  0.0928812 -0.0397146  0.0273892   3.37429 0.0585321  -9.21017 
             65.8001  15.4543  8.45979 -44.7513 -0.778604  -5.98259 -0.363729 0 0 0   -0.011 -0.02329  0.04412   0.79564 -0.457425  0.319698 -0.000549285 -0.000645106  -0.00292664   0.092542 -0.0393813  0.0272582   3.3739 0.058493 -9.21031 
             65.9002  13.9406  6.67515 -40.5454  -0.70327  -6.03164 -0.333872 0 0 0   -0.011 -0.02329  0.04412  0.740662 -0.468197  0.385807 -0.000487486 -0.000677308  -0.00282281  0.091984 -0.039152 0.0276703   3.37356 0.0583988  -9.21044 
             66.0002  11.8291   7.1523 -38.5928 -0.629938  -6.07257 -0.314271 0 0 0   -0.011 -0.02329  0.04412  0.826929 -0.408018   0.23245 -0.000421787  -0.00084601  -0.00262695  0.0916532 -0.0385851   0.028769   3.37319 0.0587703  -9.21057 
             66.0993  10.4419   6.4928 -36.5694 -0.553744  -6.11709 -0.299477 0 0 0   -0.011 -0.02329  0.04412  0.872674 -0.494545  0.194619 -0.000390387 -0.000720267  -0.00267863  0.0916657 -0.0378292  0.0290483    3.3727 0.0591439  -9.21075 
             66.2002  10.0917   5.4487 -34.6961 -0.490692  -6.15892 -0.277134 0 0 0   -0.011 -0.02329  0.04412  0.659089 -0.391515  0.328118 -0.000488758 -0.000665312  -0.00268026   0.091972 -0.0369546  0.0294324   3.37218 0.0597093  -9.21094 
             66.3002  10.4676   5.6945 -32.0528 -0.445145  -6.19915 -0.256048 0 0 0   -0.011 -0.02329  0.04412  0.674999 -0.407044  0.184337 -0.000551016 -0.000756197  -0.00272346  0.0926891 -0.0356938   0.029295   3.37139 0.0603678  -9.21122 
             66.4001  11.1422  4.63473 -31.1914 -0.383295  -6.24221 -0.241543 0 0 0   -0.011 -0.02329  0.04412  0.630109 -0.417217  0.297631 -0.000567584 -0.000714549  -0.00259286  0.0927624 -0.0350469  0.0295333   3.37092 0.0605166  -9.21139 
             66.4993  10.5079  4.63755 -30.5213 -0.322352  -6.28769 -0.206415 0 0 0   -0.011 -0.02329  0.04412  0.621253 -0.389423  0.260846 -0.000450251 -0.000784819    -0.002551  0.0925011 -0.0349486  0.0292782   3.37088 0.0602598  -9.21141 
             66.6001  10.0706  4.94086 -30.3587 -0.257349  -6.33062 -0.186963 0 0 0   -0.011 -0.02329  0.04412  0.712891 -0.425707   0.16099 -0.000496955 -0.000702628  -0.00259544  0.0924126 -0.0347479  0.0292178   3.37077 0.0601578  -9.21145 
             66.7001   9.4729  5.05731 -29.9361 -0.185472  -6.37876 -0.170164 0 0 0   -0.011 -0.02329  0.04412  0.657669 -0.393448   0.29814 -0.000474614 -0.000743912  -0.00261893  0.0921927 -0.0346031  0.0293726   3.37069 0.0600329  -9.21148 
             66.8003  9.40677  4.89833 -29.4175 -0.126775  -6.41472  -0.13758 0 0 0   -0.011 -0.02329  0.04412   0.61402 -0.410085  0.224684 -0.000535536 -0.000764194  -0.00263466  0.0923559 -0.0347441   0.029288   3.37076 0.0601434  -9.21145 
             66.8993  10.7191  4.33344 -28.2186 -0.0623118   -6.45062  -0.118086 0 0 0   -0.011 -0.02329  0.04412  0.747703 -0.392053  0.166274 -0.000579188 -0.000753314  -0.00266328  0.0926175 -0.0348023  0.0292513   3.37074 0.0603013  -9.21146 
             66.9993  10.1794  4.38403 -28.2221 0.00606213   -6.48355 -0.0868685 0 0 0   -0.011 -0.02329  0.04412  0.616869 -0.383728  0.356283 -0.000539441 -0.000779598  -0.00256273  0.0927121 -0.0352551  0.0293721   3.37096 0.0605208  -9.21138 
             67.1003  9.10219  4.49134 -28.4694  0.0710752   -6.51964 -0.0608152 0 0 0   -0.011 -0.02329  0.04412 0.683435 -0.35988 0.189745 -0.000474267 -0.000821955  -0.00259525  0.0926304 -0.0353402  0.0295834   3.37099 0.0605544  -9.21136 
             67.2004  8.89497  4.87596 -28.1897   0.141467   -6.55587 -0.0463095 0 0 0   -0.011 -0.02329  0.04412  0.751856 -0.447186  0.151139 -0.000534382 -0.000813687  -0.00262002  0.0927647 -0.0353446  0.0298239   3.37092 0.0606847  -9.21139 
             67.3004  9.17832  4.87291 -27.9657   0.207411   -6.59245 -0.0259953 0 0 0   -0.011 -0.02329  0.04412  0.544249 -0.298928  0.349614 -0.000568132 -0.000733154  -0.00257615  0.0927091 -0.0352901  0.0301689   3.37085 0.0607162  -9.21142 
             67.3992  8.67636  4.83254 -27.4861  0.262961  -6.62515 0.0020215 0 0 0   -0.011 -0.02329  0.04412  0.586208 -0.362393  0.178299 -0.000546543  -0.00074621  -0.00266302 0.0927184  -0.03535 0.0301792   3.37087 0.0607446  -9.21141 
             67.4992  10.4073  4.39541 -26.4188  0.324374  -6.66421 0.0172767 0 0 0   -0.011 -0.02329  0.04412  0.729008 -0.372458  0.152195 -0.000626702 -0.000752861  -0.00266977  0.0927847 -0.0351473  0.0302001   3.37074 0.0607106  -9.21145 
             67.6001  10.5093  4.09265 -26.1974  0.391006  -6.70734 0.0479138 0 0 0   -0.011 -0.02329  0.04412  0.602664 -0.372011  0.330308 -0.000593028 -0.000736402  -0.00265244  0.0925322 -0.0350475  0.0300255    3.3708 0.0605068  -9.21143 
             67.7003  9.24039   4.5055 -26.7953  0.455784  -6.74216 0.0716675 0 0 0   -0.011 -0.02329  0.04412  0.685126 -0.348477    0.1885 -0.000551884 -0.000754043  -0.00260973  0.0923673 -0.0351151  0.0302645  3.37084 0.060504 -9.21142 
             67.8002 8.90727 4.27654  -26.74   0.52306  -6.77391 0.0875721 0 0 0   -0.011 -0.02329  0.04412  0.745633 -0.423767  0.154172 -0.000575193 -0.000747679  -0.00266977  0.0927493 -0.0351709   0.030392   3.37072 0.0607397  -9.21146 
             67.8993  8.95736  3.80129 -26.5954 0.593545 -6.80725 0.115086 0 0 0   -0.011 -0.02329  0.04412  0.578568 -0.292629  0.344757 -0.000573733 -0.000698532  -0.00264044  0.0927689 -0.0353701  0.0303124   3.37083 0.0608092  -9.21142 
             68.0002 8.61678 4.04865 -25.592 0.646237 -6.83807 0.142166 0 0 0   -0.011 -0.02329  0.04412  0.615278 -0.320779  0.190746 -0.000543356  -0.00075509  -0.00266361  0.0932166 -0.0352761  0.0302315   3.37065 0.0609666  -9.21149 
             68.1004 9.69304 3.67925 -25.035 0.713552 -6.86985 0.161608 0 0 0   -0.011 -0.02329  0.04412  0.605669 -0.344664  0.311434 -0.000610741 -0.000746812  -0.00266485   0.093154 -0.0353119  0.0302182   3.37069 0.0609492  -9.21147 
             68.2003  9.27134  3.27724 -25.0229 0.769118 -6.91226 0.193061 0 0 0   -0.011 -0.02329  0.04412  0.565001 -0.348056  0.297966 -0.000503104 -0.000731701  -0.00260346  0.0928707 -0.0349054  0.0302705   3.37059 0.0606636  -9.21151 
             68.2993   8.0703  3.55972 -25.6161  0.83107   -6.944 0.215128 0 0 0   -0.011 -0.02329  0.04412  0.670374 -0.322926  0.205992 -0.000473021 -0.000723173  -0.00259784  0.0928394 -0.0349447  0.0303409   3.37061 0.0606799   -9.2115 
             68.3994  7.72261  4.10513 -25.7092 0.906397 -6.97681 0.236437 0 0 0   -0.011 -0.02329  0.04412  0.751623 -0.413385  0.191391 -0.000507418 -0.000767614  -0.00263355  0.0926679 -0.0352177  0.0304144   3.37078 0.0607359  -9.21144 
                68.5  8.0178 3.64087 -25.694 0.973257 -7.01472 0.265929 0 0 0   -0.011 -0.02329  0.04412 0.519064  -0.4346 0.375295 -0.000535686  -0.00074215  -0.00260422  0.0926622 -0.0355127   0.030748   3.37085 0.0609195  -9.21142 
             68.6002  8.63178  3.97079 -24.1893  1.02405 -7.05665 0.298391 0 0 0   -0.011 -0.02329  0.04412   0.54211 -0.466397  0.260868 -0.000576641 -0.000805819  -0.00270433  0.092836 -0.035784 0.0306302   3.37092 0.0610915  -9.21139 
             68.7001  9.55912  3.19331 -23.8928  1.09667  -7.0926 0.315225 0 0 0   -0.011 -0.02329  0.04412  0.723278 -0.371203   0.23786 -0.000571214 -0.000813679  -0.00266106  0.0924486 -0.0362839  0.0312905   3.37114 0.0612601   -9.2113 
                68.8 8.65764 2.93757 -23.487  1.17355 -7.11623 0.333961 0 0 0   -0.011 -0.02329  0.04412  0.667496 -0.337567  0.310127 -0.000528039 -0.000771535  -0.00269845  0.0922189 -0.0370433  0.0325099    3.3713 0.0617092  -9.21124 
             68.9001 7.92374 3.60727 -21.922  1.25651 -7.13616 0.359627 0 0 0   -0.011 -0.02329  0.04412  0.823166 -0.294343  0.164566 -0.000533677 -0.000774021  -0.00273839  0.0920296 -0.0378262  0.0325347   3.37168 0.0619975   -9.2111 
                  69  6.67904  2.73706 -20.9211  1.34582 -7.15153 0.377324 0 0 0   -0.011 -0.02329  0.04412  0.815916 -0.264293  0.275345 -0.000480828  -0.00069632  -0.00269285   0.092382 -0.0386179  0.0325362   3.37183 0.0624988  -9.21104 
             69.1002  6.49096  2.77742 -19.4381    1.415 -7.16907 0.410275 0 0 0   -0.011 -0.02329  0.04412  0.760154 -0.239826  0.215595 -0.000520603 -0.000766479  -0.00272968  0.0928861 -0.0387889  0.0323728   3.37172 0.0627266  -9.21108 
             69.2002  7.10363  2.31334 -17.6179   1.4908 -7.18509 0.427201 0 0 0   -0.011 -0.02329  0.04412  0.880494 -0.196882   0.14124 -0.000644126 -0.000736996  -0.00276961  0.0933044 -0.0390024  0.0323765    3.3716 0.0629596  -9.21113 
             69.3001  6.55976  2.51302 -17.1176  1.56026 -7.20271  0.45303 0 0 0   -0.011 -0.02329  0.04412  0.711616 -0.214621  0.324661 -0.000597481   -0.0007599  -0.00270111  0.0939651 -0.0389922  0.0323153  3.37131 0.063108 -9.21123 
             69.3993  5.31527   3.0567 -17.0456  1.63332 -7.22135 0.488409 0 0 0   -0.011 -0.02329  0.04412  0.784727 -0.182691  0.196176  -0.00050376 -0.000835362  -0.00261874    0.09414 -0.0391276  0.0316672    3.3714 0.0631625   -9.2112 
             69.5002  5.09554  3.51801 -16.7946  1.71521 -7.24131 0.512756 0 0 0   -0.011 -0.02329  0.04412  0.88876 -0.26416 0.182034 -0.000614266 -0.000823949  -0.00263913  0.0942564 -0.0392299  0.0312441   3.37146 0.0632105  -9.21117 
                69.6  5.44407  3.73614 -16.2793  1.79121 -7.26838 0.545841 0 0 0   -0.011 -0.02329  0.04412 0.698703 -0.19463 0.375605 -0.000658946 -0.000830075  -0.00267512  0.0942876 -0.0388138  0.0311864   3.37141 0.0629655  -9.21119 
             69.7002  5.27424  3.11562 -15.5296  1.86087   -7.296 0.578291 0 0 0   -0.011 -0.02329  0.04412    0.7776 -0.220695   0.24419 -0.000626826 -0.000786288  -0.00266373  0.0944707 -0.0385341  0.0309523   3.37136 0.0628059  -9.21122 
             69.8002  6.76045  3.05639 -14.6249  1.94277  -7.3147 0.604789 0 0 0   -0.011 -0.02329  0.04412  0.740826 -0.237995   0.34713 -0.000715827 -0.000816159  -0.00267054  0.0942501 -0.0387576  0.0310317  3.37146  0.06293 -9.21118 
                69.9  6.35108  2.19322 -14.4557  2.01728 -7.33854 0.637333 0 0 0   -0.011 -0.02329  0.04412  0.721531 -0.221223  0.298593 -0.000661664 -0.000758437  -0.00261889  0.0940491 -0.0387637  0.0313051   3.37149 0.0629325  -9.21117 
             70.0002  4.97956  3.02118 -14.9938  2.09412 -7.35446 0.659322 0 0 0   -0.011 -0.02329  0.04412  0.838216 -0.223637  0.215557 -0.000545448 -0.000845665  -0.00261018  0.0942064 -0.0390331  0.0313968   3.37139 0.0630934   -9.2112 
             70.1002  4.42994  3.32476 -14.9199  2.17476 -7.37465 0.683425 0 0 0   -0.011 -0.02329  0.04412 0.790984 -0.18558  0.32278 -0.000583895 -0.000824649  -0.00263214  0.0943748 -0.0391901  0.0314856   3.37128 0.0631843  -9.21124 
                70.2  4.47283  3.34501 -14.4835  2.24362 -7.39183 0.714154 0 0 0   -0.011 -0.02329  0.04412  0.726052 -0.243097  0.252705 -0.000639776 -0.000824221  -0.00265192   0.094558 -0.0393729  0.0317139   3.37112 0.0632872   -9.2113 
             70.3001  5.73652  2.75052 -13.3016   2.3192 -7.41232  0.73344 0 0 0   -0.011 -0.02329  0.04412  0.863775 -0.207973  0.162373 -0.000682394  -0.00079477  -0.00266068  0.0946384 -0.0394612  0.0318692   3.37104 0.0633348  -9.21133 
             70.4001  5.38126  2.26201 -13.9651  2.39217 -7.43634 0.765243 0 0 0   -0.011 -0.02329  0.04412  0.705246 -0.283267  0.312272 -0.000616674 -0.000783554  -0.00257266  0.0947415 -0.0395221  0.0317983   3.37101 0.0633671  -9.21134 
                70.5  5.00421  2.55676 -15.4308  2.46734 -7.45931 0.792614 0 0 0   -0.011 -0.02329  0.04412  0.781136 -0.230104  0.160822 -0.000637011 -0.000764784  -0.00252934  0.0946357 -0.0396866  0.0315997    3.3711 0.0634718  -9.21131 
             70.6001  5.33523  3.17563 -15.9485  2.54996 -7.48956 0.809424 0 0 0   -0.011 -0.02329  0.04412  0.879819 -0.342123  0.132575 -0.000692898 -0.000798681  -0.00261456  0.0946165 -0.0395055  0.0315593   3.37113 0.0633681   -9.2113 
             70.7002  5.71763  3.32765 -16.0642  2.62255  -7.5165 0.841684 0 0 0   -0.011 -0.02329  0.04412 0.663464  -0.2735 0.387166 -0.000665225 -0.000820145   -0.0026618  0.0947678 -0.0395253  0.0313395   3.37111 0.0633758   -9.2113 
             70.8001  5.91845  2.81579 -15.7814  2.68797 -7.54198 0.870912 0 0 0   -0.011 -0.02329  0.04412  0.740593 -0.274486  0.208376 -0.000690595  -0.00079664  -0.00268317  0.0951446 -0.0397425  0.0312508   3.37094 0.0634934  -9.21136 
             70.9001  6.88379   2.5901 -15.4947  2.76362 -7.56441 0.898383 0 0 0   -0.011 -0.02329  0.04412  0.623158 -0.263017   0.36594 -0.000667157 -0.000791746  -0.00268112  0.095313  -0.03992 0.0307681   3.37098 0.0635929  -9.21135 
             71.0002  6.65163  2.12379 -15.4164  2.82989 -7.57884 0.934301 0 0 0   -0.011 -0.02329  0.04412  0.643273 -0.207822  0.311236 -0.000663125 -0.000766202  -0.00266111   0.095116 -0.0404825   0.030883   3.37105 0.0639125  -9.21132 
                71.1 5.67698 2.93517 -16.714  2.89637 -7.59823  0.95815 0 0 0   -0.011 -0.02329  0.04412  0.739735 -0.181839  0.243241 -0.000642298 -0.000849887  -0.00260488   0.095308 -0.0404221  0.0310375   3.37092 0.0638845  -9.21137 
             71.2002  4.75971  2.83854 -17.9911  2.97125 -7.61993 0.980444 0 0 0   -0.011 -0.02329  0.04412  0.816993 -0.312304  0.205157 -0.000623217 -0.000808317  -0.00257172  0.0953517 -0.0404618  0.0311586   3.37087 0.0639109  -9.21139 
                71.3  6.24968  3.06145 -17.6535  3.04332 -7.64637  1.00709 0 0 0   -0.011 -0.02329  0.04412  0.635721 -0.278215   0.32725 -0.000750403 -0.000827378  -0.00259697  0.0951174 -0.0404806  0.0315533   3.37089 0.0639203  -9.21138 
                71.4  5.99645  2.86993 -17.3001 3.11061 -7.6749 1.02575 0 0 0   -0.011 -0.02329  0.04412  0.753722 -0.257259  0.202173 -0.000687615 -0.000806846  -0.00265699  0.0950336 -0.0404509  0.0321197   3.37079 0.0639111  -9.21141 
             71.5001  6.69482  1.97044 -17.8874  3.18324 -7.70112  1.05501 0 0 0   -0.011 -0.02329  0.04412  0.64485 -0.28844 0.380911 -0.000690163 -0.000773864  -0.00256644  0.0952584 -0.0403378  0.0318221   3.37075 0.0638585  -9.21143 
             71.6001  6.39549  2.43093 -18.0013  3.24586 -7.71968  1.09212 0 0 0   -0.011 -0.02329  0.04412  0.651165 -0.192369  0.244098 -0.000644076 -0.000881276  -0.00257379  0.0952604 -0.0407245  0.0317245    3.3708 0.0640657  -9.21141 
             71.7003  6.26783   2.9018 -18.4314  3.31748 -7.74445  1.10757 0 0 0   -0.011 -0.02329  0.04412  0.736804 -0.281819  0.171845 -0.000663576 -0.000854235  -0.00258743 0.0950585 -0.040612 0.0319652   3.37083 0.0639947   -9.2114 
             71.8001   6.5282  2.95415 -18.7036  3.3956 -7.7794 1.11952 0 0 0   -0.011 -0.02329  0.04412  0.705761 -0.315819  0.194805 -0.000710894 -0.000808806   -0.0025294  0.0946989 -0.0405252  0.0324713   3.37088 0.0639311  -9.21138 
             71.9001  6.6376 3.25054 -19.543  3.46744 -7.81776  1.14526 0 0 0   -0.011 -0.02329  0.04412  0.638985 -0.463188  0.155312 -0.000738697 -0.000794734  -0.00254193  0.0942539 -0.0407393  0.0322351   3.37115 0.0639818  -9.21128 
             72.0002   8.6066  3.13949 -20.0834 3.54325 -7.8646 1.16679 0 0 0   -0.011 -0.02329  0.04412  0.724929 -0.444091  0.143912 -0.000884413 -0.000824072  -0.00258885 0.0940423 -0.040776 0.0314269   3.37143 0.0639304  -9.21118 
             72.1001  7.79005   3.1712 -21.3851  3.61183 -7.90263  1.20089 0 0 0   -0.011 -0.02329  0.04412  0.636373 -0.435338  0.291673 -0.000767552  -0.00078438  -0.00258046  0.0940685 -0.0413541  0.0307257   3.37165 0.0641816   -9.2111 
                72.2  7.86929  3.59992 -22.9882  3.68208 -7.93448  1.22903 0 0 0   -0.011 -0.02329  0.04412  0.745931 -0.375992  0.164575 -0.000894409 -0.000798407  -0.00252534   0.094236 -0.0418393  0.0301389   3.37178 0.0644021  -9.21105 
             72.3002  7.26116   3.6602 -23.6601  3.76834 -7.96637  1.25491 0 0 0   -0.011 -0.02329  0.04412  0.843751 -0.451634  0.170314 -0.000810282 -0.000779947  -0.00263632  0.0939726 -0.0425409  0.0295109   3.37216 0.0646227  -9.21091 
             72.4001   7.4864  3.43284 -23.7617  3.84272 -7.99842  1.28414 0 0 0   -0.011 -0.02329  0.04412  0.639835 -0.357497  0.357779 -0.000892073 -0.000803558  -0.00271613  0.0940438 -0.0430092  0.0296394   3.37222 0.0648705  -9.21089 
             72.5001  7.49964  3.78587 -22.8813  3.91212 -8.02917  1.31115 0 0 0   -0.011 -0.02329  0.04412 0.730316 -0.34145 0.180993 -0.000874026   -0.0008239  -0.00272301  0.0941683 -0.0434388  0.0295115   3.37231 0.0650805  -9.21085 
             72.6002  8.83808  3.28916 -22.5832  3.98565 -8.06023  1.33025 0 0 0   -0.011 -0.02329  0.04412  0.709161 -0.350534  0.283881 -0.000978768 -0.000721045  -0.00274006  0.0943337 -0.0435449  0.0295949  3.37226 0.065184 -9.21087 
             72.7002  8.29321  3.05706 -22.6366   4.0451 -8.08614  1.36319 0 0 0   -0.011 -0.02329  0.04412   0.67436 -0.305854  0.274848 -0.000877259 -0.000823495  -0.00275568   0.094921 -0.0437221  0.0295538   3.37211 0.0654287  -9.21092 
             72.7999  7.74437  3.50982 -23.3702  4.11784 -8.11626  1.38529 0 0 0   -0.011 -0.02329  0.04412  0.784437 -0.324744   0.21795 -0.000899303 -0.000849212  -0.00270049  0.0949801 -0.0437301  0.0294977    3.3721 0.0654427  -9.21092 
             72.8999   7.3756  3.51317 -23.4637  4.19651 -8.14948   1.4075 0 0 0   -0.011 -0.02329  0.04412  0.739864 -0.351565  0.342162 -0.000889739 -0.000805441  -0.00274276  0.0952116 -0.0437906  0.0295207   3.37204 0.0655408  -9.21095 
             73.0001   7.8648  3.86434 -22.8037  4.26075 -8.18455  1.44027 0 0 0   -0.011 -0.02329  0.04412  0.667375 -0.392536  0.269935 -0.000950462 -0.000826217   -0.0027891  0.0953898 -0.0436461  0.0295732   3.37192 0.0655431  -9.21099 
             73.1001    8.867  3.11641 -21.5438 4.33079 -8.2163 1.46213 0 0 0   -0.011 -0.02329  0.04412  0.791802 -0.319865  0.167605 -0.000983639 -0.000785961  -0.00284377  0.0955375 -0.0437871  0.0295729   3.37191 0.0656453  -9.21099 
                73.2  8.61247  2.82633 -21.8453  4.40212 -8.24616  1.49176 0 0 0   -0.011 -0.02329  0.04412  0.662318 -0.320073   0.33601  -0.00093203 -0.000764001  -0.00270311  0.0955414 -0.0439653  0.0296666   3.37195 0.0657311  -9.21098 
             73.3002    7.323    3.495 -22.0303  4.47074 -8.27768  1.52695 0 0 0   -0.011 -0.02329  0.04412  0.738932 -0.289317   0.23804 -0.000814528 -0.000845252  -0.00271105  0.0955679 -0.0439674  0.0293012     3.372 0.0656937  -9.21096 
             73.4003  7.20524  3.42832 -22.0443  4.55013 -8.30017  1.54943 0 0 0   -0.011 -0.02329  0.04412 0.827418  -0.3441  0.22548 -0.000873058 -0.000783997  -0.00270602 0.0956708 -0.044371  0.029461   3.37205 0.0659107  -9.21094 
             73.5002  7.16248  2.95749 -21.9634  4.62438 -8.33331  1.57509 0 0 0   -0.011 -0.02329  0.04412  0.653223 -0.289656  0.373742 -0.000926078 -0.000800944  -0.00269793 0.0957463 -0.044189 0.0297861   3.37192 0.0658916  -9.21099 
             73.6002  7.06641  3.46321 -21.0873  4.69291 -8.36621  1.60257 0 0 0   -0.011 -0.02329  0.04412  0.738437 -0.322215  0.203489 -0.000905095 -0.000812118  -0.00274168  0.0956349 -0.0441573  0.0299107   3.37193 0.0658634  -9.21098 
                73.7  8.12647  2.84688 -20.6704  4.77027 -8.39696  1.62119 0 0 0   -0.011 -0.02329  0.04412  0.727129 -0.344487  0.331814 -0.000974543 -0.000760631  -0.00272789  0.0956971 -0.0441594  0.0301073   3.37187 0.0658999  -9.21101 
                73.8  7.94046  2.37371 -20.4084  4.83689 -8.43157  1.65173 0 0 0   -0.011 -0.02329  0.04412  0.674223 -0.315185  0.310087 -0.000925586 -0.000813655  -0.00276308  0.0958297 -0.0439686  0.0304199   3.37172 0.0658785  -9.21106 
             73.9002  6.99126  3.48544 -21.0883  4.91101 -8.45693  1.67497 0 0 0   -0.011 -0.02329  0.04412  0.797097 -0.313211  0.203943 -0.000869977 -0.000901522  -0.00265153  0.0959098 -0.0442177  0.0303681  3.37176 0.066001 -9.21105 
                  74   6.4402  3.37248 -21.2443  4.99657 -8.48455  1.69702 0 0 0   -0.011 -0.02329  0.04412  0.761703 -0.309065  0.327927 -0.000901291 -0.000822349  -0.00262508  0.0958965 -0.0446281  0.0303372   3.37186 0.0661769  -9.21101 
             74.1002  6.49174  3.46105 -20.7681  5.06411 -8.51083  1.73298 0 0 0   -0.011 -0.02329  0.04412  0.684378 -0.342774  0.302747 -0.000893731 -0.000786474   -0.0026823  0.0960471 -0.0448141  0.0302907   3.37185 0.0662871  -9.21101 
                74.2  7.46226  3.19004 -19.5895  5.13519 -8.54065  1.75512 0 0 0   -0.011 -0.02329  0.04412 0.813486 -0.30698 0.206983 -0.000938214 -0.000873065  -0.00276606 0.0962464 -0.044827 0.0304255   3.37175 0.0663444  -9.21105 
             74.3001  7.67602  2.69285 -19.5472  5.20958 -8.56952  1.78346 0 0 0   -0.011 -0.02329  0.04412  0.676789 -0.341224  0.392433  -0.00091125 -0.000767087  -0.00277098  0.0962557 -0.0449734  0.0305669   3.37175 0.0664222  -9.21105 
             74.4001  6.62568  3.31748 -19.9271  5.27478 -8.60209  1.81338 0 0 0   -0.011 -0.02329  0.04412  0.740631 -0.302318  0.222072 -0.000800356 -0.000873463  -0.00273296  0.0964707 -0.0448076  0.0306826   3.37162 0.0663971  -9.21109 
             74.5001  6.46926  3.64259 -20.0526  5.35863 -8.63005  1.83449 0 0 0   -0.011 -0.02329  0.04412  0.838729 -0.368437  0.216293 -0.000879136 -0.000830218  -0.00271858  0.0963417 -0.0451477  0.0307845   3.37171 0.0665349  -9.21106 
                74.6   6.6262  3.71883 -19.8379  5.43074 -8.65654    1.865 0 0 0   -0.011 -0.02329  0.04412  0.668551 -0.212604  0.452768  -0.00089839 -0.000832642  -0.00274456   0.096553 -0.0451627  0.0312352   3.37154 0.0666103  -9.21112 
             74.7002  6.64152  3.44649 -19.1554   5.5034 -8.67946  1.89425 0 0 0   -0.011 -0.02329  0.04412  0.713734 -0.253007  0.301291 -0.000912453  -0.00088513  -0.00283809  0.0962516 -0.0452686  0.0316444   3.37159 0.0666365   -9.2111 
             74.8001 7.41144 3.00139 -18.644  5.57738 -8.70304  1.92486 0 0 0   -0.011 -0.02329  0.04412  0.654633 -0.255924   0.49274 -0.000898059  -0.00082294  -0.00282037  0.0964199 -0.0452494  0.0317673    3.3715 0.0666626  -9.21113 
             74.9002 7.26647  2.2862 -18.188  5.64119 -8.72767  1.96041 0 0 0   -0.011 -0.02329  0.04412  0.647263 -0.178975  0.427806 -0.000896481 -0.000838698  -0.00285289  0.0963627 -0.0449725  0.0324544   3.37135 0.0665729  -9.21119 
             75.0002  5.49335  3.45626 -18.1169  5.71844 -8.74836  1.98982 0 0 0   -0.011 -0.02329  0.04412  0.799496 -0.136914  0.290946 -0.000813732 -0.000955142  -0.00274046  0.0958812 -0.0447069  0.0328484   3.37142 0.0664099  -9.21117 
             75.1001  3.74968  3.19706 -15.3767  5.79963 -8.75455  2.00594 0 0 0   -0.011 -0.02329  0.04412   0.719461 0.00882468   0.397759  -0.00086818 -0.000905978  -0.00288657  0.0956688 -0.0448802  0.0339671    3.3713 0.0665236  -9.21121 
             75.1998  3.23302   3.0477 -10.1227  5.87257 -8.74332  2.03061 0 0 0   -0.011 -0.02329  0.04412  0.700949 0.0859247  0.219773 -0.000970179 -0.000920425   -0.0030679  0.0954001 -0.0452597  0.0346295   3.37131 0.0666983  -9.21121 
             75.3001  1.74688  2.01519 -3.45251   5.9481 -8.72929  2.04581 0 0 0   -0.011 -0.02329  0.04412 0.712914 0.278473 0.184454 -0.000845212 -0.000874911   -0.0031862  0.0950389 -0.0451272  0.0349864   3.37137 0.0666206  -9.21118 
             75.4001 -1.16398  1.01854  4.17534  6.01154 -8.69491  2.06949 0 0 0   -0.011 -0.02329  0.04412   0.5557   0.3728 0.366579 -0.000762236   -0.0008228  -0.00320165   0.095013 -0.0452045  0.0351647   3.37134 0.0666542   -9.2112 
                75.5 -5.20544  2.00952  10.0333  6.06044 -8.64158  2.09631 0 0 0   -0.011 -0.02329  0.04412 0.538233 0.580895 0.205194 -0.000769653 -0.000996536  -0.00307824  0.0952303 -0.0454073  0.0354141   3.37116 0.0666839  -9.21126 
                75.6 -10.8321   2.0944  17.5666  6.11527 -8.57776   2.1113 0 0 0   -0.011 -0.02329  0.04412 0.466379 0.608002 0.173298 -0.000623302  -0.00089153  -0.00313678  0.0953236 -0.0456854  0.0353706   3.37103 0.0667752  -9.21131 
             75.7001 -12.9589  4.41006  28.0975  6.15256 -8.51118  2.12654 0 0 0   -0.011 -0.02329  0.04412  0.364396  0.577562 0.0395684 -0.000689491 -0.000805009  -0.00319548  0.0952306 -0.0462256  0.0351956   3.37078 0.0670384   -9.2114 
                75.8 -15.8678  4.73871    38.11  6.18406 -8.44309  2.12663 0 0 0   -0.011 -0.02329  0.04412   0.255602     0.7581 -0.0818229 -0.000789269 -0.000740507  -0.00314555   0.095038 -0.0466182  0.0352049   3.37055 0.0672135  -9.21148 
             75.9001 -17.0289  6.30287  48.6032  6.19166 -8.36669  2.13868 0 0 0   -0.011 -0.02329  0.04412 -0.068193  0.762296  0.164398 -0.000807794 -0.000779195  -0.00310501  0.0950336 -0.0467131  0.0348626   3.37047 0.0673191  -9.21151 
             76.0001 -19.4502  10.4346  56.0371  6.18444 -8.29013  2.14355 0 0 0   -0.011 -0.02329  0.04412 -0.0697975   0.865114 -0.0699391 -0.000778108 -0.000911116  -0.00309006  0.0953413 -0.0463761  0.0350355  3.37078 0.067132 -9.21139 
             76.0999 -24.2494  13.0262  65.5882  6.18198 -8.20771  2.14022 0 0 0   -0.011 -0.02329  0.04412  -0.151142   0.749578 -0.0443062 -0.000604106 -0.000895541  -0.00317999  0.0952806 -0.0457052  0.0349735    3.3712 0.0674409  -9.21124 
             76.2001 -23.7672  18.4395  76.4514  6.16279 -8.13753  2.13219 0 0 0   -0.011 -0.02329  0.04412 -0.243423  0.629842 -0.140486 -0.000753783 -0.000973748  -0.00320199  0.0952137 -0.0456151  0.0347189   3.37119 0.0675869  -9.21124 
             76.3001 -23.3333  20.6907  88.7187  6.13048 -8.07184  2.11235 0 0 0   -0.011 -0.02329  0.04412  -0.44217  0.570827 -0.153439 -0.000701427 -0.000813316  -0.00317652  0.0949921 -0.0457065  0.0345046   3.37099 0.0677145  -9.21132 
                76.4 -22.7904  25.3489  98.2653  6.07448 -8.01831  2.10085 0 0 0   -0.011 -0.02329  0.04412 -0.653598   0.47459 -0.170594 -0.000784139  -0.00104495  -0.00318289  0.0945742 -0.0457581  0.0345709   3.37076 0.0678977   -9.2114 
             76.5001 -24.502 28.7234  107.02  6.01117 -7.97344  2.07615 0 0 0   -0.011 -0.02329  0.04412 -0.591842  0.534575 -0.376874 -0.000555693 -0.000951562   -0.0030356   0.095388 -0.0455103  0.0345325   3.37132 0.0676528  -9.21119 
             76.6001 -21.2104  33.5955  119.615  5.93642 -7.92938  2.04823 0 0 0   -0.011 -0.02329  0.04412 -0.567145  0.348247 -0.351511 -0.000831035  -0.00101122  -0.00311556  0.0940032 -0.0469245  0.0334365   3.36959 0.0675363  -9.21183 
             76.7002 -17.3721  35.6239  132.821  5.87229 -7.89423  2.01952 0 0 0   -0.011 -0.02329  0.04412 -0.604027  0.314651 -0.348265  -0.00069219 -0.000913097  -0.00301331  0.0933162 -0.0472371  0.0322166   3.36873 0.0678097  -9.21214 
                76.8 -12.3636  34.7947  144.056   5.8041 -7.87369  1.98874 0 0 0   -0.011 -0.02329  0.04412 -0.737495  0.152574 -0.217118 -0.000776956 -0.000855195  -0.00287904  0.0940927 -0.0470067  0.0319207   3.36924 0.0677052  -9.21196 
             76.9001 -12.4496  39.1381  147.985  5.73176 -7.86316  1.97542 0 0 0   -0.011 -0.02329  0.04412 -0.722778  0.079234 -0.288889 -0.000765369  -0.00118779  -0.00265806  0.0947155 -0.0464592  0.0313726  3.36971 0.067949 -9.21178 
             77.0002 -11.9615  38.6181  153.117  5.66404 -7.86353   1.9469 0 0 0   -0.011 -0.02329  0.04412 -0.747407  0.214629 -0.325991 -0.000667337 -0.000946548  -0.00269214  0.0968584 -0.0470868   0.031821   3.37105 0.0666879   -9.2113 
             77.1001 -8.71377  40.0244  158.473  5.60358 -7.84358  1.93245 0 0 0   -0.011 -0.02329  0.04412 -0.647641  0.171668 -0.131494 -0.000832512  -0.00112726   -0.0026666  0.0981728 -0.0456948  0.0320124   3.37244 0.0673141  -9.21079 
             77.2001 -7.77525  39.9614  161.607  5.54109 -7.81822  1.91276 0 0 0   -0.011 -0.02329  0.04412 -0.632663  0.221836 -0.267232 -0.000731406 -0.000970522  -0.00261763  0.0977967 -0.0448663  0.0319379   3.3724 0.068072  -9.2108 
             77.3001 -5.53152  38.3752  163.215  5.47313 -7.78803  1.88474 0 0 0   -0.011 -0.02329  0.04412 -0.708975  0.275589 -0.160903  -0.00086094 -0.000947146  -0.00257644  0.0973114 -0.0435639  0.0316402   3.37234 0.0692458  -9.21081 
             77.4001 -6.68591  39.9624  161.656  5.40287 -7.75812  1.87346 0 0 0   -0.011 -0.02329  0.04412 -0.645142  0.289074 -0.208484 -0.000794038   -0.0011356  -0.00247777  0.0971793 -0.0435872  0.0314662    3.3722 0.0692771  -9.21086 
             77.5001 -6.30413  40.4841  160.093    5.331 -7.72012  1.83925 0 0 0   -0.011 -0.02329  0.04412 -0.677827  0.394616 -0.339541 -0.000845196  -0.00105996  -0.00252003  0.0954227 -0.0430213  0.0310809  3.37101 0.070187 -9.21129 
                77.6 -7.00019  41.2931  157.585 5.26546 -7.6933 1.81053 0 0 0   -0.011 -0.02329  0.04412 -0.686892   0.23357 -0.189181 -0.000846316  -0.00111686   -0.0024679  0.0958436 -0.0439977  0.0315524   3.3712 0.069276 -9.21123 
                77.7 -9.47913  40.0377  154.189  5.19082 -7.66553  1.79917 0 0 0   -0.011 -0.02329  0.04412  -0.695812   0.339707 -0.0811044 -0.000759134 -0.000966938  -0.00245478  0.0950386 -0.0444292  0.0314079    3.3705 0.0691377  -9.21148 
             77.8001 -7.83232  40.3557  152.388   5.1223 -7.63445  1.77547 0 0 0   -0.011 -0.02329  0.04412 -0.746789  0.282692 0.0766996 -0.000836641   -0.0010509  -0.00254144 0.0947543 -0.044846 0.0321361    3.3704 0.0688049  -9.21152 
             77.9001 -10.8381  39.8339   148.18  5.04652 -7.60186  1.77896 0 0 0   -0.011 -0.02329  0.04412 -0.704295   0.27853  0.155375 -0.000768784  -0.00105697  -0.00243727  0.0935411 -0.0443194  0.0327579   3.36985 0.0694445  -9.21172 
             78.0001 -13.9447  38.3798  143.048  4.98617 -7.57492  1.77016 0 0 0   -0.011 -0.02329  0.04412  -0.621429   0.293789 0.00420527 -0.000790354  -0.00115892  -0.00234059  0.0926213 -0.0443369   0.034357  3.36963 0.069486  -9.2118 
             78.1002 -15.2722  37.8732   138.37  4.93399 -7.52215  1.74053 0 0 0   -0.011 -0.02329  0.04412  -0.552973   0.479524 -0.0979811 -0.000919246  -0.00118847  -0.00238704  0.0905597 -0.0421649  0.0365285   3.36935 0.0714803  -9.21189 
                78.2 -15.8729  36.7637  133.194  4.88789 -7.44954  1.71431 0 0 0   -0.011 -0.02329  0.04412 -0.453069  0.577355  0.112257 -0.00103013 -0.00113462 -0.00230437  0.0873186 -0.0385647  0.0385825   3.36864 0.0749308  -9.21212 
                78.3 -16.9667   35.103  128.066  4.85054 -7.36061  1.69549 0 0 0   -0.011 -0.02329  0.04412 -0.354263  0.726103  -0.10653  -0.0010093  -0.0010519 -0.00228684  0.0841885 -0.0354785  0.0396389   3.36767 0.0780812  -9.21245 
             78.4002 -16.1179  33.0402  121.205  4.82474 -7.26705  1.67516 0 0 0   -0.011 -0.02329  0.04412 -0.306801  0.776974 0.0385952 -0.00120131 -0.00105065 -0.00221579 0.0823642 -0.033377 0.0404251   3.36727 0.0801444  -9.21258 
             78.5001 -18.1213  29.6227   112.84  4.81589 -7.18241  1.66272 0 0 0   -0.011 -0.02329  0.04412 -0.133858   0.74355 -0.184411   -0.0010816 -0.000894054  -0.00223625  0.0824519 -0.0318462  0.0415593    3.3681 0.0811501  -9.21226 
             78.6001 -21.4648  27.8419  103.458  4.81453 -7.10448  1.64538 0 0 0   -0.011 -0.02329  0.04412 -0.0666339   0.828117  -0.191577 -0.000995094  -0.00100281  -0.00219052  0.0835971 -0.0310744  0.0419484   3.3692 0.081309 -9.21186 
                78.7 -21.9582  26.1669   97.829  4.81162 -7.01954  1.63415 0 0 0   -0.011 -0.02329  0.04412 -0.0653509   0.716506   0.017814  -0.00100803 -0.000961693   -0.0024117  0.0833669 -0.0302857  0.0418267    3.3693 0.0819925  -9.21182 
             78.8001 -22.645 24.1703 94.1553  4.81458 -6.95167  1.64356 0 0 0   -0.011 -0.02329  0.04412  0.0683009   0.703439 0.00544009 -0.000986645 -0.000911539  -0.00252905  0.0839559 -0.0299657  0.0418794    3.3698 0.0819944  -9.21163 
                78.9 -18.9703  23.4674   93.732   4.8207 -6.88023   1.6462 0 0 0   -0.011 -0.02329  0.04412  0.0597552    0.76146 -0.0517434  -0.00112687 -0.000898928  -0.00272839  0.0842882 -0.0301159  0.0414159   3.36983 0.0818286  -9.21162 
                  79 -17.3378  22.2932  92.3227  4.80655 -6.79268  1.64398 0 0 0   -0.011 -0.02329  0.04412 -0.155611  0.781118 0.0654751  -0.00110313 -0.000889987  -0.00267737 0.0831739 -0.030395 0.0401377   3.36877 0.0823299  -9.21201 
             79.1002 -18.9806  24.1518  91.2383  4.77971 -6.71273  1.64812 0 0 0   -0.011 -0.02329  0.04412  -0.217188   0.773432 -0.0453634 -0.000930197 -0.000950462  -0.00271608  0.0823983 -0.0308331  0.0395122     3.368 0.0824994  -9.21229 
                79.2 -19.7986  24.6434  93.6616  4.75387 -6.63194  1.63988 0 0 0   -0.011 -0.02329  0.04412 -0.360991   0.74044 -0.001506 -0.000875761 -0.000914213  -0.00288563  0.0822801 -0.0311373  0.0392934  3.36775 0.082401 -9.21238 
                79.3 -20.0452  25.1401   97.604  4.71624 -6.56404  1.63703 0 0 0   -0.011 -0.02329  0.04412 -0.394003  0.612805 -0.132793  -0.00089762 -0.000877279  -0.00281112  0.0825074 -0.0310373   0.039145    3.3679 0.0823867  -9.21233 
             79.4001 -19.6734  27.4124   103.73  4.67196 -6.50516  1.61461 0 0 0   -0.011 -0.02329  0.04412 -0.460755  0.575372 -0.262888 -0.000764494  -0.00084468  -0.00300455   0.082112 -0.0315665  0.0392327   3.36745 0.0822251  -9.21249 
                79.5 -19.1058  29.5049  110.158  4.62213 -6.44949  1.58991 0 0 0   -0.011 -0.02329  0.04412  -0.495762    0.51826 -0.0384284 -0.000831579  -0.00090076  -0.00296135  0.0819497 -0.0319467  0.0395713   3.36725 0.0819981  -9.21257 
                79.6 -19.4169  30.9289  115.206  4.57417 -6.38618  1.58114 0 0 0   -0.011 -0.02329  0.04412 -0.467705  0.517983 -0.219044 -0.000747199 -0.000914295  -0.00301762 0.0808774 -0.031026  0.039201  3.36699  0.08313 -9.21265 
             79.7001 -19.7536   32.399   117.93  4.52211 -6.32497  1.55521 0 0 0   -0.011 -0.02329  0.04412 -0.501626  0.639189 -0.285717 -0.000840349 -0.000937149  -0.00282033  0.0803313 -0.0310311  0.0388533   3.36659 0.0834257  -9.21279 
                79.8 -19.7103    33.33  121.022  4.46216 -6.26176  1.53096 0 0 0   -0.011 -0.02329  0.04412  -0.608342   0.486664 -0.0715786 -0.000852571 -0.000924663  -0.00284538  0.0794259 -0.0311285  0.0386921   3.36598 0.0837674  -9.21301 
                79.9 -17.9667  34.7663  124.695  4.40819 -6.21921   1.5185 0 0 0   -0.011 -0.02329  0.04412 -0.533508   0.43065 -0.231316 -0.000942482 -0.000958444  -0.00281898  0.0800764 -0.0312241  0.0388085   3.36636 0.0834235  -9.21288 
             80.0001 -15.9801  34.7717  129.841  4.35362 -6.17978  1.49418 0 0 0   -0.011 -0.02329  0.04412 -0.643312  0.385154 -0.319627 -0.000885126  -0.00087762  -0.00285989  0.0805249 -0.0310271  0.0387623    3.3667 0.0833941  -9.21275 
                80.1 -14.2394  34.9872  135.774 4.28832  -6.154  1.4779 0 0 0   -0.011 -0.02329  0.04412  -0.665444   0.279835 -0.0576127 -0.000872387 -0.000889486  -0.00284131  0.0811015 -0.0314669  0.0391577     3.367 0.0828206  -9.21265 
                80.2 -14.6729  37.4872  139.391  4.21972 -6.13089  1.45874 0 0 0   -0.011 -0.02329  0.04412 -0.657633  0.255432  -0.22273 -0.000835592   -0.0010087  -0.00277241  0.0807943 -0.0319959   0.039413   3.36668 0.0825182  -9.21277 
             80.3001 -14.8161  37.0765  143.493  4.15539 -6.10198  1.42698 0 0 0   -0.011 -0.02329  0.04412 -0.663658  0.364879 -0.377519  -0.00074251 -0.000898989  -0.00286711  0.0807412 -0.0318722  0.0395034  3.36671 0.082613 -9.21276 
                80.4 -12.6084  38.1291  147.165  4.08555 -6.08009  1.40397 0 0 0   -0.011 -0.02329  0.04412 -0.653153  0.252142 -0.134532 -0.000856061 -0.000954269  -0.00284554  0.0804896 -0.0326896  0.0397782   3.36637 0.0820636  -9.21289 
                80.5 -11.4489   38.445   150.21   4.0226 -6.05325  1.38323 0 0 0   -0.011 -0.02329  0.04412 -0.641837  0.271879 -0.288888 -0.000866391  -0.00093311  -0.00275112  0.0806557 -0.0325444  0.0396476  3.36649 0.082136 -9.21284 
                80.6 -9.89594  38.1022  152.278  3.95783 -6.02771  1.35707 0 0 0   -0.011 -0.02329  0.04412 -0.715598  0.338731 -0.120832 -0.000949274 -0.000916786  -0.00271054  0.0813281 -0.0326425  0.0397711  3.36693 0.081868 -9.21268 
                80.7 -10.3332  38.8981   153.18  3.89008 -5.99641  1.34901 0 0 0   -0.011 -0.02329  0.04412 -0.681709  0.311428 -0.136374 -0.000863408 -0.000999477  -0.00277258  0.0816755 -0.0327644  0.0400039   3.36719 0.0816661  -9.21259 
                80.8 -10.5206  39.6238  153.349 3.82554 -5.9726 1.32095 0 0 0   -0.011 -0.02329  0.04412 -0.678797  0.312427 -0.292648 -0.000968042  -0.00102728   -0.0026841  0.0817538 -0.0336499  0.0406887    3.3672 0.0809231  -9.21259 
                80.9 -10.4433  40.2836  154.139  3.75232 -5.94353  1.29289 0 0 0   -0.011 -0.02329  0.04412  -0.785934     0.3157 -0.0205365 -0.000918279  -0.00104831  -0.00275866  0.0813657 -0.0343354  0.0412577   3.36693 0.0804503   -9.2127 
             80.9999 -10.7821  40.1349  154.599   3.6741 -5.91175  1.28478 0 0 0   -0.011 -0.02329  0.04412  -0.722125   0.383762 -0.0810707 -0.000867647  -0.00106704  -0.00275784  0.0807122 -0.0350418  0.0418756    3.3665 0.0800147  -9.21286 
                81.1 -7.92862  40.2338  156.703  3.60399 -5.88324  1.25406 0 0 0   -0.011 -0.02329  0.04412 -0.773959  0.327506 -0.272328 -0.000915559  -0.00102341  -0.00281493  0.0802956 -0.0359316  0.0432033   3.36638 0.0793303  -9.21291 
                81.2 -8.66203  40.4043  156.802  3.53257 -5.85504  1.22653 0 0 0   -0.011 -0.02329  0.04412 -0.761032  0.355503 -0.089656 -0.000794799  -0.00106452  -0.00274783  0.0797012 -0.0367373  0.0448785   3.36625 0.0787167  -9.21296 
             81.2999 -9.87524  40.0599  156.544 3.45907 -5.8344 1.19917 0 0 0   -0.011 -0.02329  0.04412 -0.691128  0.292908 -0.276953 -0.000780088  -0.00103775   -0.0026839  0.0792154 -0.0385676  0.0457493   3.36578 0.0773627  -9.21314 
                81.4 -9.95422  40.8789  156.335  3.39282 -5.81427  1.15826 0 0 0   -0.011 -0.02329  0.04412 -0.732204  0.344058 -0.386929 -0.000886559   -0.0010799  -0.00260659  0.0794452 -0.0398057   0.046904   3.36598 0.0762897  -9.21308 
             81.5001 -9.35342  41.5376  156.752  3.32556 -5.79573  1.12474 0 0 0   -0.011 -0.02329  0.04412 -0.718774  0.229376 -0.181469 -0.000878711  -0.00105452  -0.00266722  0.0795862 -0.0405631  0.0479616    3.3662 0.0756099  -9.21301 
                81.6 -9.04622  41.0999  157.515  3.25798 -5.77668  1.10052 0 0 0   -0.011 -0.02329  0.04412 -0.666194  0.243657 -0.314982 -0.000832389  -0.00100906  -0.00267576  0.0797972 -0.0410634  0.0482289   3.36631 0.0751701  -9.21297 
             81.7001 -6.73054  40.8615  158.879  3.18909 -5.75979   1.0691 0 0 0   -0.011 -0.02329  0.04412 -0.714697    0.2248 -0.227827 -0.000884856 -0.000985143   -0.0027332  0.0802845 -0.0415795  0.0479373  3.36645 0.074704 -9.21292 
                81.8 -7.60314  40.2735  158.822  3.11261 -5.73812  1.04934 0 0 0   -0.011 -0.02329  0.04412 -0.678239  0.252888 -0.217232 -0.000835151 -0.000952026  -0.00260298  0.0798504 -0.0421046  0.0477036     3.366 0.0744106  -9.21309 
             81.9001 -9.59487  40.0377   157.27 3.05018 -5.7197 1.02508 0 0 0   -0.011 -0.02329  0.04412 -0.647615  0.242212 -0.352158 -0.000755577 -0.000973566  -0.00264661  0.0805376 -0.0425376  0.0474835   3.36631 0.0739667  -9.21298 
                  82 -11.1068  40.0297  154.773  2.98099 -5.69161 0.992214 0 0 0   -0.011 -0.02329  0.04412 -0.694793   0.33909 -0.412763 -0.000838669  -0.00101765  -0.00249527  0.0806213 -0.0425727  0.0470883   3.36626 0.0739527    -9.213 
             82.0999 -10.7791  39.7839  153.551  2.92359  -5.6642 0.974143 0 0 0   -0.011 -0.02329  0.04412 -0.635081  0.280124 -0.102768 -0.000862307 -0.000989357  -0.00262936  0.0816817 -0.0422082  0.0475469  3.36715 0.073986 -9.21267 
             82.2001 -10.478 39.9181 153.578  2.86183 -5.64046 0.955482 0 0 0   -0.011 -0.02329  0.04412 -0.592595  0.271912 -0.300972 -0.00085142 -0.00102229 -0.00273835  0.0818499 -0.0429358   0.047378   3.36707 0.0734195   -9.2127 
                82.3 -9.5776 39.3864 152.854  2.79729 -5.61406 0.926237 0 0 0   -0.011 -0.02329  0.04412 -0.654861  0.239873 -0.132231 -0.000884288   -0.0010059  -0.00266403  0.0818248 -0.0429735  0.0470791   3.36697 0.0734165  -9.21274 
             82.3999 -9.20734  38.8769  153.045  2.72989  -5.5888 0.918873 0 0 0   -0.011 -0.02329  0.04412 -0.637411  0.243565 -0.128594 -0.000864177 -0.000973097  -0.00274949  0.0818824 -0.0428434  0.0467079   3.36694 0.0735277  -9.21275 
             82.4999 -10.816 39.2028 151.415  2.65827 -5.56137 0.894868 0 0 0   -0.011 -0.02329  0.04412 -0.661262  0.241798 -0.275348 -0.000827735  -0.00102851  -0.00264648  0.0809662 -0.0425923  0.0463626   3.36631 0.0739281  -9.21298 
                82.6 -11.7646  39.0485  150.337  2.58194 -5.52078 0.861272 0 0 0   -0.011 -0.02329  0.04412 -0.684667  0.391367 -0.367967 -0.00085108 -0.00102413 -0.00256963  0.0797664 -0.0418542  0.0459424   3.36558 0.0747564  -9.21324 
             82.7001 -11.8051  38.5009  148.541  2.50992 -5.48183  0.83772 0 0 0   -0.011 -0.02329  0.04412 -0.652671  0.358846 -0.134403 -0.000950284  -0.00100392  -0.00252179  0.0792986 -0.0415773   0.045788    3.3653 0.0750718  -9.21334 
                82.8 -11.8593  38.7805  147.313  2.44972 -5.43627 0.819567 0 0 0   -0.011 -0.02329  0.04412 -0.603274  0.418468 -0.269206 -0.000997036  -0.00104433  -0.00251232  0.0793402 -0.0409077  0.0457363   3.36546 0.0755579  -9.21328 
                82.9 -10.9895  38.1349  146.228  2.38632 -5.38983 0.790725 0 0 0   -0.011 -0.02329  0.04412 -0.673028  0.449187 -0.191568   -0.001008 -0.00102126 -0.00252403  0.0793148 -0.0404181  0.0455153    3.3655 0.0759385  -9.21326 
                  83 -11.6841  37.5894  145.144  2.32584   -5.346 0.781818 0 0 0   -0.011 -0.02329  0.04412 -0.624883   0.39884 -0.102826 -0.000892444  -0.00099198  -0.00255457  0.0797418 -0.0401059  0.0457228   3.36589 0.0760516  -9.21311 
                83.1 -12.801 37.9942  143.86  2.27163 -5.31155 0.760247 0 0 0   -0.011 -0.02329  0.04412 -0.615797   0.38837 -0.286499 -0.00080793 -0.00105562 -0.00265804 0.0803163 -0.040316 0.0462796  3.36634 0.075718 -9.21295 
             83.2001 -13.8195  37.3433  142.745  2.21465 -5.25939 0.728304 0 0 0   -0.011 -0.02329  0.04412 -0.614561  0.471359  -0.37534 -0.000844244  -0.00100208  -0.00252122  0.0803551 -0.0393236  0.0464381   3.36664 0.0764081  -9.21284 
             83.3001 -13.4674  37.7601  142.566  2.15432 -5.21612 0.707699 0 0 0   -0.011 -0.02329  0.04412 -0.586171  0.424942 -0.157407 -0.00089331 -0.00103845 -0.00248381  0.0803936 -0.0390534  0.0465721   3.36676 0.0765797  -9.21279 
             83.3999 -13.1789  37.9607      144  2.09361 -5.17398 0.683096 0 0 0   -0.011 -0.02329  0.04412  -0.58646  0.431059 -0.324836 -0.000772208  -0.00104968  -0.00265247  0.0801428 -0.0394839   0.046332  3.36644 0.076358 -9.21291 
             83.4999 -11.8266  37.9207  144.143  2.02754  -5.1364 0.651884 0 0 0   -0.011 -0.02329  0.04412  -0.66718  0.347014 -0.242835 -0.000882068  -0.00101614  -0.00261498  0.0802807 -0.0400398  0.0460748   3.36633 0.0759532  -9.21296 
                83.6 -12.4344  37.6199  144.005  1.96345 -5.09143 0.647927 0 0 0   -0.011 -0.02329  0.04412   -0.61699   0.408997 -0.0702995 -0.000827407  -0.00101575  -0.00259546  0.0804096 -0.0394686  0.0458234   3.36649 0.0763473  -9.21289 
             83.6999 -13.543 38.1457 142.958  1.90473  -5.0564 0.634537 0 0 0   -0.011 -0.02329  0.04412 -0.637538  0.408191 -0.217063 -0.000808905  -0.00104368  -0.00254108  0.0810833 -0.0397206  0.0457393   3.36682 0.0760067  -9.21277 
             83.7999 -14.0368  38.5407   142.93  1.84337 -5.01206 0.607201 0 0 0   -0.011 -0.02329  0.04412 -0.674946   0.27675 -0.126978 -0.000731406  -0.00103999  -0.00268511  0.0808296 -0.0392772  0.0462444    3.3669 0.0763339  -9.21274 
                83.9 -14.3087  38.3324  143.161  1.77609 -4.99472 0.590982 0 0 0   -0.011 -0.02329  0.04412 -0.591342  0.257988 -0.127923 -0.000754783  -0.00104689  -0.00264344  0.0803513 -0.0401002  0.0470362   3.36658 0.0758046  -9.21286 
             83.9999 -11.1283  38.4896  147.273  1.71644 -4.98039 0.565163 0 0 0   -0.011 -0.02329  0.04412  -0.62112   0.20757 -0.262331 -0.000754218 -0.000994942  -0.00289207  0.0802326 -0.0408946  0.0474709   3.36641 0.0752392  -9.21293 
                84.1 -9.97171  38.6168  149.613  1.65269 -4.95926 0.535357 0 0 0   -0.011 -0.02329  0.04412 -0.673069  0.174942 -0.118026 -0.000714439 -0.000994116  -0.00283078 0.0796923 -0.040834 0.0480512   3.36623 0.0753631  -9.21299 
             84.1999 -11.2451  39.0797  150.013  1.57917 -4.93628   0.5145 0 0 0   -0.011 -0.02329  0.04412 -0.661327  0.150159 -0.214876 -0.000632465  -0.00106591  -0.00265971  0.0784805 -0.0407167  0.0480105   3.36551 0.0757482  -9.21326 
             84.2999 -11.5734  39.2611  150.894   1.5102 -4.91919 0.484604 0 0 0   -0.011 -0.02329  0.04412 -0.667087  0.206998 -0.334399 -0.000703754  -0.00103453  -0.00262695  0.0781523 -0.0408243   0.047865   3.36525 0.0757654  -9.21335 
                84.4 -11.9637  39.5933  151.906  1.44302 -4.88552 0.455286 0 0 0   -0.011 -0.02329  0.04412 -0.698918  0.195271 -0.197796 -0.000675051  -0.00104007  -0.00271434  0.0778198 -0.0398416   0.047759   3.36525 0.0765397  -9.21334 
             84.4999 -12.0831  39.5779  151.822  1.37115 -4.85056 0.432303 0 0 0   -0.011 -0.02329  0.04412 -0.629612  0.293513 -0.272221 -0.000749353 -0.000998195  -0.00257863  0.0769492 -0.0392533  0.0477981   3.36486 0.0771472  -9.21348 
             84.5999 -11.0621  39.1039  150.554  1.30998 -4.80842 0.399045 0 0 0   -0.011 -0.02329  0.04412 -0.667519   0.31106 -0.342108 -0.000827536 -0.000999559  -0.00259001  0.0769137 -0.0380456  0.0477414   3.36509 0.0780066  -9.21339 
                84.7 -13.1473  38.9201  147.902  1.23591 -4.76743 0.376899 0 0 0   -0.011 -0.02329  0.04412 -0.679505  0.364049 -0.188856 -0.000725494  -0.00101888  -0.00250832  0.0762309 -0.0376678  0.0473092   3.36464 0.0784518  -9.21355 
             84.7999 -13.7178  38.2589  146.681  1.17737 -4.73345 0.348151 0 0 0   -0.011 -0.02329  0.04412 -0.627974  0.332455  -0.38625 -0.000782406 -0.000936949  -0.00255136  0.0765497 -0.0374743  0.0474751   3.36492 0.0785067  -9.21345 
             84.8999 -13.8504  38.7673  145.686  1.09917 -4.70228  0.31223 0 0 0   -0.011 -0.02329  0.04412 -0.703629   0.41436 -0.427614 -0.000765782 -0.000978168  -0.00264631  0.076344  -0.03826 0.0465004    3.3644 0.0780711  -9.21364 
                  85 -13.539 39.0215 145.021   1.0314 -4.67154  0.29623 0 0 0   -0.011 -0.02329  0.04412 -0.684795  0.327902 -0.104685 -0.000790267 -0.000980624  -0.00265694  0.0772435 -0.0382708   0.046093   3.36485 0.0778945  -9.21348 
                85.1 -12.895 38.8226 145.518 0.967233 -4.63109  0.28407 0 0 0   -0.011 -0.02329  0.04412 -0.635918  0.335034 -0.299476 -0.000833648 -0.000988951  -0.00266478  0.0776036 -0.0376464  0.0454675   3.36505 0.0782919   -9.2134 
             85.1998 -11.6054  38.5306  145.398 0.906939  -4.5964 0.254838 0 0 0   -0.011 -0.02329  0.04412 -0.669558  0.316349 -0.123308 -0.000902983 -0.000958022  -0.00257802  0.077976 -0.037257 0.0457113   3.36542 0.0784568  -9.21326 
             85.2999 -11.4191  38.0486  145.771 0.845928 -4.56785  0.24521 0 0 0   -0.011 -0.02329  0.04412 -0.636632  0.276985  -0.14687 -0.000916856 -0.000970786  -0.00253848  0.0784845 -0.0371507  0.0459355  3.36581 0.078394 -9.21313 
             85.3998 -13.6777  38.3569  144.147 0.783878 -4.53847 0.227994 0 0 0   -0.011 -0.02329  0.04412 -0.671661  0.253816 -0.282719 -0.000792651  -0.00101118  -0.00254046  0.0788825 -0.0366907  0.0456457   3.36608 0.0786406  -9.21302 
             85.4999 -14.3414  38.2674  144.576  0.71529 -4.50217 0.192941 0 0 0   -0.011 -0.02329  0.04412 -0.694853  0.301808 -0.313034 -0.000769599 -0.000979441  -0.00270134  0.0784628 -0.0359913  0.0457538   3.36602 0.0792052  -9.21304 
             85.5999 -12.4825  39.0889  147.316 0.642918 -4.47743 0.167909 0 0 0   -0.011 -0.02329  0.04412 -0.64938 0.220777 -0.22692 -0.000806196  -0.00098721  -0.00277031 0.0778481 -0.036004 0.0459424    3.3657 0.0793271  -9.21316 
             85.6998 -9.89392  39.3245  152.643 0.581969 -4.45196 0.141069 0 0 0   -0.011 -0.02329  0.04412 -0.635412  0.211572  -0.29282 -0.000751161 -0.000914774  -0.00272024  0.0778936 -0.0355954  0.0458304    3.3658 0.0796015  -9.21312 
             85.8006 -8.09202  39.4929  156.453 0.510049 -4.43572 0.107419 0 0 0   -0.011 -0.02329  0.04412 -0.724631  0.133586 -0.176134  -0.00071105 -0.000934617  -0.00269866  0.0775324 -0.0359114  0.0458848   3.36552 0.0794676  -9.21322 
             85.8998 -8.41315   39.866  158.222  0.439054  -4.43018 0.0920719 0 0 0   -0.011 -0.02329  0.04412 -0.691998 0.0880697 -0.208595 -0.000695129 -0.000962691  -0.00266856  0.0778613 -0.0364257   0.045948   3.36562 0.0790398  -9.21319 
                  86 -8.68344  40.4178  159.838  0.368438  -4.41879 0.0702325 0 0 0   -0.011 -0.02329  0.04412 -0.724134 0.0984112 -0.321195 -0.000691493 -0.000988057  -0.00267233  0.0780828 -0.0360809  0.0454115    3.3657 0.0792706  -9.21316 
             86.0999 -9.65354  40.2954  160.532  0.292717  -4.39886 0.0348096 0 0 0   -0.011 -0.02329  0.04412 -0.788468  0.143677 -0.224122 -0.000758201 -0.000987756  -0.00251724  0.0776982 -0.0355479  0.0453591   3.36556 0.0797163   -9.2132 
             86.1999 -7.92747  41.0435  162.508  0.220686  -4.38755 0.0142925 0 0 0   -0.011 -0.02329  0.04412 -0.705136  0.150062 -0.223741 -0.000809667  -0.00101475  -0.00254169  0.0775971 -0.0356089  0.0458483    3.3656 0.0796629  -9.21319 
             86.2998 -6.68592  40.3848  164.656    0.14888   -4.37668 -0.0128883 0 0 0   -0.011 -0.02329  0.04412 -0.734876 0.0983142 -0.353665 -0.000722157 -0.000972933  -0.00266188  0.0776354 -0.0358232  0.0455553   3.36552 0.0795234  -9.21322 
             86.3999 -6.57576  40.0916  165.114  0.0720454   -4.36479 -0.0434993 0 0 0   -0.011 -0.02329  0.04412 -0.789994  0.106116  -0.18727 -0.000726749 -0.000950719  -0.00259665   0.07747 -0.035699 0.0457557   3.36549 0.0796263  -9.21323 
             86.4999 -7.6359 40.7518 164.829 0.00693304    -4.3438 -0.0622615 0 0 0   -0.011 -0.02329  0.04412  -0.71489  0.162257 -0.324621 -0.000787462  -0.00103026  -0.00252347  0.0781672 -0.0349266  0.0461768   3.36611 0.0800418    -9.213 
             86.5999 -7.55582  41.1289  165.215 -0.0688788   -4.32666  -0.098555 0 0 0   -0.011 -0.02329  0.04412 -0.775479  0.185738 -0.386485 -0.000784683  -0.00103679   -0.0025759  0.0780015 -0.0347657  0.0460846   3.36601 0.0801798  -9.21303 
             86.6999 -7.24113  41.4099  165.733 -0.146573  -4.31251 -0.133183 0 0 0   -0.011 -0.02329  0.04412 -0.713943   0.10746 -0.241733 -0.000797151  -0.00102342  -0.00258836  0.0779957 -0.0348212  0.0459846   3.36598 0.0801455  -9.21305 
             86.7998 -6.83623  41.2805  166.589 -0.208056  -4.30415 -0.160125 0 0 0   -0.011 -0.02329  0.04412 -0.634753 0.0859461 -0.385855 -0.000788417 -0.000998794  -0.00262302  0.0784293 -0.0350588  0.0462681   3.36628 0.0799175  -9.21294 
             86.8998 -4.63351  41.1021  168.178 -0.266807  -4.29642 -0.186466 0 0 0   -0.011 -0.02329  0.04412 -0.700214 0.0879598  -0.40675 -0.000821196  -0.00106059  -0.00268882  0.0796685 -0.0348388  0.0459162   3.36697 0.0799301  -9.21269 
             86.9999 -5.69004  40.8761  167.542 -0.343713  -4.28065 -0.185413 0 0 0   -0.011 -0.02329  0.04412  -0.694353   0.147742 -0.0201543 -0.000792211  -0.00106028  -0.00243909  0.0798059 -0.0344681  0.0448317   3.36684 0.0802041  -9.21273 
             87.0998 -6.60922  41.0751   167.37 -0.412305  -4.26739 -0.196414 0 0 0   -0.011 -0.02329  0.04412 -0.664817  0.123236 -0.170527 -0.000783981  -0.00112893  -0.00246141  0.0795799 -0.0345198  0.0448876   3.36671 0.0801921  -9.21278 
             87.1999 -6.54246  41.4681  167.449 -0.480706  -4.26134 -0.226583 0 0 0   -0.011 -0.02329  0.04412 -0.727419  0.155494 -0.267095 -0.000839297  -0.00113198  -0.00249989   0.079139 -0.0351701   0.045639  3.36655 0.079769 -9.21284 
             87.2998 -6.18097  41.6164  167.604 -0.556551  -4.25032 -0.257686 0 0 0   -0.011 -0.02329  0.04412  -0.702393  0.0859889 -0.0628368 -0.000882787  -0.00116337  -0.00251042  0.0781288 -0.0352739    0.04662   3.36616 0.0797777  -9.21298 
                87.4 -5.52851  41.6752  168.871 -0.635699  -4.23971 -0.287654 0 0 0   -0.011 -0.02329  0.04412 -0.678681  0.143258 -0.300798 -0.000867702  -0.00114716  -0.00256269  0.0765506 -0.0358781  0.0472314    3.3653 0.0795161   -9.2133 
             87.4999 -4.30157  41.3671  168.251 -0.709789   -4.2236 -0.326591 0 0 0   -0.011 -0.02329  0.04412 -0.739736  0.191439 -0.137169 -0.000971027  -0.00110207  -0.00242233  0.0758249 -0.0358805   0.047727   3.36498 0.0795777  -9.21342 
             87.5998 -5.22433  40.3162  166.151 -0.783673  -4.20315 -0.344772 0 0 0   -0.011 -0.02329  0.04412 -0.678656  0.264665 -0.235308 -0.000902399  -0.00105803  -0.00238953  0.075616 -0.036065  0.047977   3.36489 0.0794661  -9.21345 
             87.6999 -8.50734  40.6636   160.77 -0.849773  -4.17814 -0.374775 0 0 0   -0.011 -0.02329  0.04412 -0.656028  0.288469 -0.354739 -0.000914158  -0.00119521  -0.00224542  0.0756164 -0.0362042   0.047785   3.36483 0.0793777  -9.21347 
             87.7999 -10.3942  40.3891  155.502 -0.916511  -4.13389 -0.414578 0 0 0   -0.011 -0.02329  0.04412 -0.657521  0.363062 -0.281476 -0.000949614  -0.00112339  -0.00225333  0.0751824 -0.0355071  0.0481204   3.36473 0.0798866  -9.21351 
             87.9001 -12.1633  39.2115  149.479 -0.978501  -4.09615 -0.430684 0 0 0   -0.011 -0.02329  0.04412  -0.568744   0.457457 -0.0667069 -0.000988035  -0.00106558  -0.00224731  0.0752794 -0.0355649  0.0478453   3.36471 0.0798465  -9.21351 
             87.9998 -12.5991  37.9883  145.274  -1.03301  -4.04354 -0.441903 0 0 0   -0.011 -0.02329  0.04412 -0.535681  0.496705 -0.226936 -0.00102136 -0.00107328 -0.00220194  0.0753621 -0.0351969  0.0474463   3.36472 0.0801001  -9.21351 
             88.0998 -11.9681  36.8361  140.953  -1.08768  -3.98536 -0.463774 0 0 0   -0.011 -0.02329  0.04412 -0.584165   0.53217 -0.135895 -0.00110099 -0.00107935 -0.00228458  0.0755693 -0.0346548  0.0470608   3.36484 0.0804486  -9.21346 
             88.1998 -13.723 36.5529 137.107  -1.13928  -3.92663 -0.474319 0 0 0   -0.011 -0.02329  0.04412  -0.52657  0.512195 -0.150233 -0.000983404  -0.00109773  -0.00231534  0.0755424 -0.0340256  0.0474868   3.36503 0.0808373  -9.21339 
             88.2998 -14.0638   36.049  134.762  -1.19043  -3.86562 -0.493319 0 0 0   -0.011 -0.02329  0.04412 -0.538082   0.55842 -0.306223 -0.00096957 -0.00107161 -0.00242636 0.0756463 -0.033307 0.0470644  3.36516 0.081316 -9.21334 
             88.3999 -15.213 35.2984  132.61  -1.23691  -3.81005 -0.521959 0 0 0   -0.011 -0.02329  0.04412   -0.5802  0.475682 -0.211217 -0.000926872  -0.00105182  -0.00242805  0.0762131 -0.0330324  0.0474426   3.36561 0.0813146  -9.21317 
             88.4998 -16.5475  35.2605  131.383 -1.29092 -3.76407 -0.53523 0 0 0   -0.011 -0.02329  0.04412 -0.510976  0.486836 -0.212609 -0.000897194  -0.00105582  -0.00250729  0.0764108 -0.0330264  0.0473778   3.36571 0.0812732  -9.21314 
             88.5997 -14.9449  35.8636  131.946  -1.35084  -3.71813 -0.563304 0 0 0   -0.011 -0.02329  0.04412 -0.581322  0.505998 -0.369768 -0.000990998  -0.00109887  -0.00269264  0.0762142 -0.0334685  0.0470484   3.36541 0.0811013  -9.21325 
             88.6998 -16.6742  35.8094  130.639  -1.40978  -3.66337 -0.579536 0 0 0   -0.011 -0.02329  0.04412 -0.583147  0.546553 -0.110132 -0.000870858  -0.00107488  -0.00264218  0.0760458 -0.0332986  0.0468394   3.36534 0.0812779  -9.21327 
             88.7999 -18.1613  34.4547  128.972  -1.47037  -3.61388 -0.599642 0 0 0   -0.011 -0.02329  0.04412 -0.516048  0.516183 -0.276613 -0.000978749  -0.00102439  -0.00241059  0.0757412 -0.0338554  0.0466741   3.36498 0.0810711   -9.2134 
             88.8999 -18.745 34.7332  127.42  -1.51802  -3.56488 -0.622983 0 0 0   -0.011 -0.02329  0.04412  -0.51415  0.595527 -0.295692 -0.00101303 -0.00110125 -0.00239837  0.0765307 -0.0339663  0.0466079   3.36533 0.0807638  -9.21328 
             88.9998 -19.0881  34.5039  126.045  -1.56975  -3.50087 -0.642988 0 0 0   -0.011 -0.02329  0.04412  -0.493439   0.567081 -0.0942078 -0.00100421 -0.00109719 -0.00249127  0.0764145 -0.0335069  0.0463456  3.36537 0.081092 -9.21326 
             89.0998 -18.7682  34.6101  125.697 -1.60388 -3.44124 -0.64829 0 0 0   -0.011 -0.02329  0.04412 -0.394859  0.611495 -0.173644 -0.000996963  -0.00113539  -0.00268878  0.0771777 -0.0329587  0.0464655   3.36594 0.0811254  -9.21305 
             89.1998 -16.9322  33.5813  125.191  -1.64061  -3.37637 -0.665726 0 0 0   -0.011 -0.02329  0.04412 -0.427535  0.675937 -0.293457 -0.00101421 -0.00101138 -0.00263778  0.0775546 -0.0326538   0.046209   3.36618 0.0811954  -9.21297 
             89.2998 -17.2835  32.4705  123.436  -1.68622  -3.30832 -0.673275 0 0 0   -0.011 -0.02329  0.04412  -0.425661   0.646419 -0.0377996 -0.000994371  -0.00102705  -0.00254205  0.0773687 -0.0325362  0.0460558    3.3661 0.0813428  -9.21299 
             89.3998 -18.4152  32.4995  120.635  -1.72792   -3.2428 -0.682629 0 0 0   -0.011 -0.02329  0.04412 -0.391767   0.65131 -0.202974 -0.000986484  -0.00111366  -0.00251269  0.077462 -0.032351 0.0456234   3.36613 0.0814662  -9.21298 
             89.4998 -19.2513  31.7331  118.341  -1.77227  -3.17942 -0.705171 0 0 0   -0.011 -0.02329  0.04412 -0.363161  0.749105 -0.236441 -0.000986943  -0.00106359  -0.00248955  0.0775565 -0.0329485  0.0454566   3.36593 0.0811402  -9.21306 
             89.5998 -19.7527  30.9177  115.702  -1.80768   -3.1108 -0.723009 0 0 0   -0.011 -0.02329  0.04412  -0.326432   0.666519 -0.0561779 -0.00101852 -0.00106169 -0.00249852  0.0777768 -0.0330215  0.0456989   3.36605 0.0809878  -9.21301 
             89.6998 -20.9041  30.6455  112.383   -1.8295  -3.04337 -0.724609 0 0 0   -0.011 -0.02329  0.04412 -0.149366  0.756175 -0.104877 -0.00100875 -0.00109041 -0.00240051  0.0782122 -0.0330677  0.0458443   3.36625 0.0807793  -9.21294 
             89.7997 -19.3076  28.7251  108.729   -1.8443  -2.96966 -0.736106 0 0 0   -0.011 -0.02329  0.04412  -0.058706   0.788364 -0.0065162  -0.00109945 -0.000960263  -0.00239416  0.0785679 -0.0335043  0.0455783   3.36619 0.0804644  -9.21297 
             89.8998 -20.143 25.5609 102.305  -1.83961  -2.88465 -0.730969 0 0 0   -0.011 -0.02329  0.04412   0.0872771    0.819378 -0.00555939  -0.00108865 -0.000894149  -0.00226214  0.0788778 -0.0329282  0.0452401    3.3665 0.0806668  -9.21285 
             89.9998 -22.9289  23.6557  92.7953  -1.83064  -2.80295 -0.726206 0 0 0   -0.011 -0.02329  0.04412   0.180205   0.798845 -0.0412136 -0.000956625 -0.000962131  -0.00224618 0.0791006 -0.032891  0.044198   3.36645 0.0807597  -9.21287 
             90.0998 -22.7777  20.2117  84.0322 -1.81061 -2.71942 -0.72788 0 0 0   -0.011 -0.02329  0.04412   0.232448   0.797844 -0.0143809   -0.0011232 -0.000929248  -0.00218246   0.07907 -0.032993 0.0437518   3.36633 0.0808069  -9.21291 
             90.1998 -21.0434  18.1384    77.32  -1.78837  -2.64649 -0.707042 0 0 0   -0.011 -0.02329  0.04412 0.242653 0.627963 0.301006  -0.00121702 -0.000943126  -0.00233795  0.0790534 -0.0327477  0.0432833   3.36638 0.0809952  -9.21289 
             90.2997 -17.6129  16.9029  75.4563  -1.75236  -2.58321 -0.684062 0 0 0   -0.011 -0.02329  0.04412 0.388367 0.674843   0.1606  -0.00126037 -0.000908517   -0.0026325  0.0792115 -0.0324345  0.0433859   3.3666 0.080996 -9.21281 
             90.3999 -15.1577  14.2619   73.059  -1.71905  -2.50821 -0.673178 0 0 0   -0.011 -0.02329  0.04412 0.318755 0.740563 0.185171  -0.00122873 -0.000805882  -0.00256773  0.0791112 -0.0325975  0.0433719   3.36648 0.0810111  -9.21286 
             90.4998 -16.2178  15.6308  69.0362  -1.69704  -2.43969 -0.655698 0 0 0   -0.011 -0.02329  0.04412 0.291834 0.717796 0.109823 -0.00102936 -0.00100833 -0.00265128  0.0792205 -0.0330401  0.0433484   3.36627 0.0808663  -9.21294 
             90.5998 -15.7583  14.3202  67.1505  -1.66074  -2.36403 -0.652423 0 0 0   -0.011 -0.02329  0.04412   0.380973   0.801011 -0.0240029  -0.00110339 -0.000864479  -0.00262789  0.0790551 -0.0327186  0.0437498  3.36643 0.080915 -9.21288 
             90.6997 -15.964 13.2391 66.0655  -1.63193  -2.28858 -0.648544 0 0 0   -0.011 -0.02329  0.04412 0.224649  0.71608 0.149012  -0.00110738 -0.000845549  -0.00262839  0.0791199 -0.0328262  0.0439279   3.36637 0.0808306   -9.2129 
             90.7998 -17.4109   13.535  65.2425  -1.60364  -2.20834 -0.634925 0 0 0   -0.011 -0.02329  0.04412  0.322932  0.726519 0.0342579  -0.00101474 -0.000943252  -0.00271072  0.0785175 -0.0327565  0.0437583   3.36638 0.0812101  -9.21289 
             90.8997 -16.3315  13.2294  65.2595  -1.57723  -2.13164 -0.633626 0 0 0   -0.011 -0.02329  0.04412  0.261102   0.75385 0.0740209  -0.00110328 -0.000834083   -0.0026738  0.0787552 -0.0330566  0.0433731   3.36623 0.0811589  -9.21295 
             90.9997 -17.9986  13.0569  64.5316  -1.55729  -2.05845 -0.615843 0 0 0   -0.011 -0.02329  0.04412  0.23437 0.707927  0.19179 -0.000997826 -0.000858856  -0.00273821  0.0789336 -0.0333846  0.0431162   3.36607 0.0811222  -9.21301 
             91.0998 -18.5185   12.707  63.4036  -1.53306  -1.99536 -0.600671 0 0 0   -0.011 -0.02329  0.04412  0.275446  0.737097 0.0397772  -0.00112767 -0.000818333   -0.0026228   0.079643 -0.0332233  0.0426246  3.36616  0.08083 -9.21297 
             91.1997 -18.7709  13.3029  62.7792  -1.50815  -1.91978 -0.599259 0 0 0   -0.011 -0.02329  0.04412 0.186918 0.746852 0.136263  -0.00115733 -0.000853857  -0.00266699  0.0798055 -0.0335959  0.0426862   3.36595 0.0807507  -9.21305 
             91.2998 -18.7054  13.7297  62.4236  -1.49323   -1.8506 -0.581932 0 0 0   -0.011 -0.02329  0.04412  0.16482 0.662471 0.214293  -0.00113611 -0.000849167  -0.00268162  0.0798641 -0.0336532  0.0428032   3.36592 0.0806997  -9.21307 
             91.3998 -17.733  12.932 64.2664   -1.4649  -1.79538 -0.567064 0 0 0   -0.011 -0.02329  0.04412  0.240625   0.65746 0.0721539  -0.00115419 -0.000751666  -0.00285851  0.0802536 -0.0330996  0.0430539   3.36618 0.0804055  -9.21297 
             91.4998 -16.4638  12.7541  64.7248  -1.43908   -1.7181 -0.566756 0 0 0   -0.011 -0.02329  0.04412 0.205203 0.717549 0.188849 -0.00123674 -0.00080528 -0.00282539   0.079804 -0.0332293  0.0432763   3.36613 0.0806054  -9.21299 
             91.5997 -17.1309  12.9975  64.3424  -1.42137  -1.64969 -0.543801 0 0 0   -0.011 -0.02329  0.04412 0.139206 0.664197 0.218761 -0.00118457 -0.00082319 -0.00277132  0.0797061 -0.0331174  0.0433501   3.36619 0.0806339  -9.21296 
             91.6998 -17.8415  13.0437  63.6536  -1.38664  -1.57865 -0.535451 0 0 0   -0.011 -0.02329  0.04412  0.238326  0.717776 0.0628808  -0.00109094 -0.000837284  -0.00291033 0.0789576 -0.032336  0.043968   3.36663 0.0808497   -9.2128 
             91.7997 -18.5704  12.4939  62.7619  -1.35483  -1.49797 -0.537037 0 0 0   -0.011 -0.02329  0.04412  0.253747  0.730897 0.0969581  -0.00111051 -0.000795632  -0.00281185   0.078376 -0.0323529  0.0443482  3.36663 0.081082  -9.2128 
             91.8997 -18.3892  12.7474  62.8141  -1.32827  -1.43256 -0.521705 0 0 0   -0.011 -0.02329  0.04412 0.245825 0.634171 0.185708  -0.0010879 -0.00079262 -0.00291213  0.0783406 -0.0320807  0.0447328   3.36676 0.0810049  -9.21275 
             91.9997 -18.121 12.6954 63.7576  -1.29963  -1.36632 -0.512312 0 0 0   -0.011 -0.02329  0.04412  0.299847  0.678957 0.0604708  -0.00110639 -0.000810948  -0.00288959  0.0782021 -0.0321393  0.0448429   3.36674 0.0810597  -9.21276 
             92.0998 -17.1958  12.2332  63.8224  -1.26894  -1.28843 -0.505703 0 0 0   -0.011 -0.02329  0.04412 0.248809 0.742908 0.183051  -0.00116821 -0.000787679  -0.00280687  0.0779614 -0.0321518  0.0446378   3.36675 0.0812277  -9.21276 
             92.1997 -18.0776  12.4257  63.8295  -1.24393  -1.21589 -0.483736 0 0 0   -0.011 -0.02329  0.04412 0.223456 0.705206 0.150809  -0.00102897 -0.000800268  -0.00298518  0.0778931 -0.0320584  0.0444899   3.36681 0.0812862  -9.21273 
             92.2998 -18.328 12.5237 62.7645  -1.21706  -1.14147 -0.478064 0 0 0   -0.011 -0.02329  0.04412  0.289267  0.771208 0.0271368   -0.0011047 -0.000819415  -0.00282548 0.0777199 -0.032025 0.0446968   3.36683 0.0813342  -9.21273 
             92.3997 -18.8909  12.5746  62.5356  -1.18244  -1.06344 -0.474358 0 0 0   -0.011 -0.02329  0.04412 0.204576 0.759879 0.134349  -0.00111464 -0.000792582  -0.00281495 0.0775932 -0.031811 0.0448463   3.36694 0.0813564  -9.21268 
             92.4997 -19.414 12.4434 62.6949  -1.16391 -0.995258 -0.456935 0 0 0   -0.011 -0.02329  0.04412 0.247272 0.682881 0.135451  -0.00112136 -0.000820318  -0.00293507  0.0778113 -0.0318697  0.0448764    3.3669 0.0812413   -9.2127 
             92.5997 -17.8057  12.4542  63.8805  -1.13749  -0.92073 -0.450759 0 0 0   -0.011 -0.02329  0.04412   0.288142   0.775058 -0.0025561  -0.00124056 -0.000801197  -0.00291316 0.0777038 -0.031864 0.0447655   3.36691 0.0813184   -9.2127 
             92.6998 -17.4957  12.2244  63.7704  -1.11154 -0.849751 -0.441701 0 0 0   -0.011 -0.02329  0.04412 0.253496  0.66799 0.245848  -0.00119072 -0.000793519  -0.00288818  0.0778527 -0.0321134  0.0449088  3.36677 0.081231 -9.21275 
             92.7997 -18.2995  11.5102  61.8085  -1.08507 -0.783435 -0.424743 0 0 0   -0.011 -0.02329  0.04412  0.343862  0.627515 0.0257245  -0.00121025 -0.000816915  -0.00287697 0.0779107 -0.032392  0.044691   3.36663 0.0812628   -9.2128 
             92.8998 -17.7334  11.2324  58.8141  -1.04792 -0.719659 -0.422103 0 0 0   -0.011 -0.02329  0.04412  0.457146   0.65669 0.0570759  -0.00128439 -0.000819079  -0.00289523  0.0780494 -0.0324777  0.0446197   3.36658 0.0812114  -9.21282 
             92.9997 -17.2295  10.7161  54.7613  -1.00649 -0.656958 -0.413261 0 0 0   -0.011 -0.02329  0.04412 0.366267  0.56309 0.172192  -0.00129029 -0.000841709  -0.00280285  0.0780867 -0.0326547  0.0444402   3.36649 0.0812402  -9.21285 
             93.0996 -17.2794  8.65508  51.1591 -0.967364 -0.611741 -0.385036 0 0 0   -0.011 -0.02329  0.04412  0.43764 0.429614 0.228868 -0.00133363 -0.00077748 -0.00283392  0.0783244 -0.0324828  0.0441509   3.36657 0.0811602  -9.21282 
             93.1997 -13.5052  8.42416  50.2183 -0.916495 -0.567393 -0.362719 0 0 0   -0.011 -0.02329  0.04412 0.528004 0.473564 0.151435  -0.00166027 -0.000851762  -0.00284131  0.0783648 -0.0322375  0.0437829   3.36671 0.0811837  -9.21277 
             93.2996 -11.9781  7.00271  48.8455 -0.856122 -0.506768 -0.342534 0 0 0   -0.011 -0.02329  0.04412  0.49056 0.525973 0.268079  -0.00151239 -0.000799969  -0.00300345  0.0778783 -0.0318777  0.0434006   3.36696 0.0814451  -9.21268 
             93.3997 -12.5103  8.37582  45.8812 -0.796054 -0.459724 -0.316328 0 0 0   -0.011 -0.02329  0.04412 0.502449 0.495273 0.202945  -0.00141827 -0.000889841  -0.00292699   0.077551 -0.0310306  0.0438471   3.36739 0.0813877  -9.21252 
             93.4997 -12.1751  7.48519  44.7352 -0.732358 -0.409072 -0.296319 0 0 0   -0.011 -0.02329  0.04412  0.641828  0.552073 0.0905682  -0.00146095 -0.000798599  -0.00289651  0.0775025 -0.0304738  0.0435656  3.36769 0.081353 -9.21241 
             93.5996 -12.4426  6.93266  44.1756 -0.673448 -0.356728 -0.277785 0 0 0   -0.011 -0.02329  0.04412 0.433882 0.509256 0.254065   -0.0014258 -0.000782889  -0.00295933  0.0774096 -0.0301838  0.0436611   3.36783 0.0813178  -9.21236 
             93.6997 -13.0654  6.87737  44.3466 -0.623872 -0.309285 -0.252914 0 0 0   -0.011 -0.02329  0.04412 0.514678 0.494914 0.140787  -0.00131721 -0.000774569  -0.00310136  0.0773774 -0.0300571  0.0435795    3.3679 0.0813144  -9.21234 
             93.7998 -11.8211  6.78931  44.9114 -0.569507 -0.244839 -0.239831 0 0 0   -0.011 -0.02329  0.04412 0.587227 0.630298 0.101859   -0.0014476 -0.000807267  -0.00317069  0.0769344 -0.0304046   0.043361   3.36787 0.0816263  -9.21234 
             93.8997 -12.6624  6.28582  44.3165 -0.512889 -0.177398 -0.212324 0 0 0   -0.011 -0.02329  0.04412 0.466721 0.574244 0.309776  -0.00138503 -0.000810776  -0.00304655  0.0763601 -0.0304341  0.0430198   3.36804 0.0819216  -9.21228 
             93.9996 -13.7779  7.14542  42.6994 -0.463653 -0.118202 -0.195115 0 0 0   -0.011 -0.02329  0.04412  0.52033 0.611554 0.128456  -0.00141869 -0.000853114  -0.00282222  0.0762443 -0.0304363  0.0433284   3.36803 0.0819266  -9.21228 
             94.0996 -14.3507  6.94615  42.3198  -0.410848 -0.0472564   -0.18129 0 0 0   -0.011 -0.02329  0.04412 0.622472 0.647974 0.108834  -0.00146184 -0.000777418  -0.00284044  0.0761191 -0.0308755  0.0429242   3.36793 0.0821608  -9.21232 
             94.1996 -14.1453  7.29007  42.6286 -0.365903 0.0157479 -0.159158 0 0 0   -0.011 -0.02329  0.04412 0.417287 0.563387 0.286834 -0.00143742 -0.00082425 -0.00299327  0.076261 -0.031104  0.042828   3.36782 0.0821878  -9.21236 
             94.2997 -14.1957  7.09495  43.6631 -0.323778  0.076999  -0.14248 0 0 0   -0.011 -0.02329  0.04412 0.478899  0.56901 0.145699  -0.00139922 -0.000768296  -0.00306417  0.0761782 -0.0316196  0.0429336   3.36763 0.0823609  -9.21243 
             94.3997 -12.9522  6.89454  44.1674 -0.276159  0.128784 -0.132539 0 0 0   -0.011 -0.02329  0.04412 0.453191 0.532136 0.229459  -0.00148967 -0.000781707  -0.00299136  0.0764944 -0.0313721  0.0431662   3.36761 0.0821314  -9.21243 
             94.4996 -13.0784  6.46738  44.7261 -0.243553  0.178543 -0.109002 0 0 0   -0.011 -0.02329  0.04412  0.34056 0.476994 0.212067  -0.00137582 -0.000750765    -0.003086  0.0767785 -0.0315233  0.0433009   3.36747 0.0820507  -9.21249 
             94.5996 -14.043  6.6871 43.5132  -0.208024   0.222003 -0.0934712 0 0 0   -0.011 -0.02329  0.04412 0.372935 0.449164 0.106393  -0.00140128 -0.000799445  -0.00285379  0.0770079 -0.0313687  0.0432338   3.36747 0.0819264  -9.21249 
             94.6998 -14.5417  6.99183  43.3563  -0.161372   0.260549 -0.0839943 0 0 0   -0.011 -0.02329  0.04412 0.340752 0.353133 0.121862 -0.00136399 -0.00081918 -0.00300509  0.0768246 -0.0309632  0.0432515   3.36767 0.0818715  -9.21241 
             94.7996 -14.0367  7.95711  43.4325  -0.133322   0.287305 -0.0775243 0 0 0   -0.011 -0.02329  0.04412  0.197826  0.241626 0.0326841  -0.00138098 -0.000836179   -0.0030889  0.0768921 -0.0308188  0.0434728   3.36769 0.0817715  -9.21241 
             94.8997 -15.0137  7.01849    43.76   -0.11955   0.304954 -0.0713895 0 0 0   -0.011 -0.02329  0.04412  0.104889  0.126708 0.0316293  -0.00130144 -0.000755133  -0.00311961  0.0769677 -0.0308209  0.0433313  3.36768 0.081764 -9.21241 
             94.9996 -13.9926  7.03494  44.8292  -0.110797   0.312368 -0.0696967 0 0 0   -0.011 -0.02329  0.04412   0.0904281    0.134074 -0.00456088  -0.00136292 -0.000775357  -0.00320155  0.0772046 -0.0306536  0.0434047   3.36768 0.0816148  -9.21241 
             95.0997 -13.4323  7.53442  45.3944  -0.105605   0.324941 -0.0689299 0 0 0   -0.011 -0.02329  0.04412   0.0576657   0.0911812 -0.00568546  -0.00138356 -0.000783139  -0.00304487  0.0771437 -0.0308025  0.0434731   3.36763 0.0816709  -9.21243 
             95.1997 -13.7809  7.58885  45.7408  -0.107164   0.327355 -0.0715117 0 0 0   -0.011 -0.02329  0.04412   0.0394285   0.0450236 -0.00906878  -0.00127812 -0.000772512  -0.00321457  0.0775702 -0.0309252  0.0436275   3.36746 0.0815217  -9.21249 
             95.2998 -13.9495  6.79281  46.1127  -0.104759   0.322497 -0.0721553 0 0 0   -0.011 -0.02329  0.04412  0.0215458 -0.0117858  -0.016428  -0.00126369 -0.000731519  -0.00328307  0.0778818 -0.0307055   0.043651   3.36747 0.0813375  -9.21249 
             95.3997 -13.7912  5.73003  46.1254  -0.104728   0.321853 -0.0730077 0 0 0   -0.011 -0.02329  0.04412  -0.0302071 -0.00731706    0.015237  -0.00131167 -0.000724261   -0.0031191   0.077855 -0.0307355   0.043628   3.36746 0.0813593  -9.21249 
             95.4997 -13.9658   5.3184  46.2175  -0.114956   0.319607 -0.0723923 0 0 0   -0.011 -0.02329  0.04412 -0.0758598  0.0136101 -0.0242064  -0.00133976 -0.000744233  -0.00304933  0.0782145 -0.0308354  0.0434466   3.36736 0.0812722  -9.21253 
             95.5997 -14.8038  5.73165  46.4799  -0.121165   0.323994 -0.0722854 0 0 0   -0.011 -0.02329  0.04412 -0.0915765  0.0133308 -0.0195067  -0.00129754 -0.000758092  -0.00313629  0.0780269 -0.0308204  0.0432656   3.36743 0.0813651  -9.21251 
             95.6997 -15.6423  5.74864  46.2268  -0.129719   0.324992 -0.0717223 0 0 0   -0.011 -0.02329  0.04412  -0.0962726  0.00149542 -0.00583435 -0.00127941 -0.00073576 -0.00304081   0.078031 -0.0307603   0.043083   3.36746 0.0813711  -9.21249 
             95.7996 -16.3818  5.73293  46.2112  -0.144381   0.330452 -0.0771583 0 0 0   -0.011 -0.02329  0.04412 -0.0986689 0.00503527  -0.018884  -0.00127543 -0.000739169  -0.00306097  0.0779476 -0.0312095  0.0432754   3.36729 0.0814967  -9.21256 
             95.8997 -16.7171  5.62183  45.8718  -0.153458   0.326758 -0.0785227 0 0 0   -0.011 -0.02329  0.04412  -0.0941668 -0.00368096  -0.0195955  -0.00139434 -0.000769533  -0.00286962  0.0780962 -0.0310463  0.0432789   3.36732 0.0813959  -9.21255 
             95.9997 -17.1861  5.54615  45.9187  -0.158588   0.321694 -0.0808537 0 0 0   -0.011 -0.02329  0.04412  -0.085467  -0.015567 -0.0204863  -0.00137881 -0.000746684  -0.00286085  0.0780978 -0.0307404   0.043433   3.36743 0.0812955  -9.21251 
             96.0996 -17.303 5.43734  45.601  -0.162574    0.31295 -0.0832738 0 0 0   -0.011 -0.02329  0.04412 -0.0704777    -0.0273 -0.0222668 -0.00147549 -0.00076102 -0.00266377 0.0782161  -0.03035 0.0436175   3.36754 0.0811245  -9.21247 
             96.1995 -17.4981  5.39408  45.6312  -0.167863    0.30747 -0.0847428 0 0 0   -0.011 -0.02329  0.04412 -0.0571355 -0.0278938 -0.0228171  -0.00149685 -0.000753439  -0.00265802  0.0783047 -0.0301909   0.043605   3.36758 0.0810521  -9.21245 
             96.2997 -17.7189  5.38791  45.8427  -0.172694   0.303772 -0.0873396 0 0 0   -0.011 -0.02329  0.04412  -0.047073 -0.0280152  -0.022452  -0.00143531 -0.000720954  -0.00278058   0.078317 -0.0301501   0.043668   3.36759 0.0810279  -9.21245 
             96.3995 -17.9774  5.58652  46.5556  -0.173229   0.307593 -0.0873746 0 0 0   -0.011 -0.02329  0.04412   -0.036773 -0.00961464  -0.0178342  -0.00128019 -0.000699994  -0.00321779  0.0779613 -0.0301554  0.0434876   3.36768 0.0811916  -9.21242 
             96.4996 -17.9522  5.59488  46.3873  -0.176606   0.307261 -0.0875817 0 0 0   -0.011 -0.02329  0.04412   -0.0320712 -0.000765469   -0.0146825   -0.0013238 -0.000724475  -0.00317721  0.0779755 -0.0301264  0.0433577    3.3677 0.0811982  -9.21241 
             96.5996 -17.8741  5.46013  45.8791 -0.173893  0.305925 -0.088886 0 0 0   -0.011 -0.02329  0.04412   -0.0193204 -0.000964458   -0.0155244  -0.00141874 -0.000732449  -0.00292752  0.0777913 -0.0298552  0.0434906   3.36783 0.0811815  -9.21236 
             96.6996 -17.9676  5.41124  45.8112  -0.177079   0.305779 -0.0916788 0 0 0   -0.011 -0.02329  0.04412   -0.020004 0.000910347  -0.0192179  -0.00139549 -0.000714867  -0.00293495  0.0778279 -0.0299182  0.0435501    3.3678 0.0811742  -9.21237 
             96.7997 -17.9343   5.3679  45.5581  -0.178859   0.305678 -0.0932689 0 0 0   -0.011 -0.02329  0.04412 -0.0175443 0.00313234 -0.0177002   -0.0014427 -0.000727076   -0.0028184  0.0778453 -0.0298982  0.0435206    3.3678 0.0811671  -9.21237 
             96.8995 -17.9603  5.37533  45.4846  -0.175593   0.298787 -0.0914488 0 0 0   -0.011 -0.02329  0.04412 -0.00625374 -0.00557957 -0.00763395  -0.00144513 -0.000739209   -0.0028224  0.0780101 -0.0294026  0.0434279   3.36796 0.0809989  -9.21232 
             96.9995 -18.023 5.29968 45.4435  -0.175899    0.29917 -0.0929042 0 0 0   -0.011 -0.02329  0.04412  -0.006385 0.00216733 -0.0133349  -0.00142718 -0.000702106  -0.00282805  0.0779713 -0.0294192  0.0434693   3.36796 0.0810113  -9.21232 
             97.0997 -18.0233  5.23987  45.3339  -0.174267   0.294457 -0.0918887 0 0 0   -0.011 -0.02329  0.04412 -5.21799e-05  -0.00751175   -0.0097492   -0.0014671 -0.000694147  -0.00278012  0.0781087 -0.0291266  0.0433916   3.36804 0.0809008  -9.21229 
             97.1997 -18.1625   5.3293  45.4663  -0.17683  0.296003 -0.092804 0 0 0   -0.011 -0.02329  0.04412 -0.00498233 -0.00406411  -0.0116009  -0.00142138 -0.000720203  -0.00286249  0.0781179 -0.0293023  0.0433023   3.36798 0.0809532  -9.21231 
             97.2996 -18.1779  5.30618  45.5307   -0.17353   0.292436 -0.0921196 0 0 0   -0.011 -0.02329  0.04412  0.00186618 -0.00743611 -0.00849035   -0.0014232 -0.000699402  -0.00288353  0.0781199 -0.0290129  0.0432804   3.36809 0.0808856  -9.21227 
             97.3996 -18.1935  5.29447  45.4017  -0.178821   0.297011 -0.0936078 0 0 0   -0.011 -0.02329  0.04412 -0.00660481  0.00787842 -0.00907678  -0.00143762 -0.000711132  -0.00282111  0.0781363 -0.0294143  0.0431474   3.36794 0.0809963  -9.21232 
             97.4996 -18.1713  5.27729  45.4423  -0.181249   0.300924 -0.0921348 0 0 0   -0.011 -0.02329  0.04412 -0.00944558    0.013603 -0.00183744  -0.00145831 -0.000699767  -0.00284985  0.078134 -0.029543 0.0428658   3.36791 0.0810696  -9.21233 
             97.5996 -18.215 5.32125 45.4639   -0.17597   0.296417 -0.0893332 0 0 0   -0.011 -0.02329  0.04412 0.00395893 0.00384218 0.00338071   -0.0014533 -0.000714893  -0.00285442  0.0781688 -0.0290486  0.0428341   3.36808 0.0809422  -9.21227 
             97.6996 -18.1975   5.2227  45.3632  -0.177436   0.295642 -0.0902813 0 0 0   -0.011 -0.02329  0.04412 -0.00223296  0.00115036 -0.00305622   -0.0014637 -0.000680881  -0.00278816  0.0782587 -0.0291016  0.0429019   3.36804 0.0809126  -9.21229 
             97.7997 -18.2202   5.2612  45.4661  -0.176567   0.297833 -0.0902259 0 0 0   -0.011 -0.02329  0.04412  0.00242096  0.00722984 -0.00321529  -0.00145029 -0.000681567  -0.00284602  0.0781527 -0.0291185   0.042866  3.36806  0.08096 -9.21228 
             97.8997 -18.2945  5.34231   45.731  -0.169171   0.296812 -0.0882541 0 0 0   -0.011 -0.02329  0.04412   0.0195863  0.00515676 0.000642713   -0.0014002 -0.000682151  -0.00300084   0.077982 -0.0287426  0.0428548   3.36823 0.0809328  -9.21222 
             97.9996 -18.2655  5.21841  45.3894 -0.165634  0.295489 -0.087793 0 0 0   -0.011 -0.02329  0.04412   0.0202052   0.0018239 -0.00158952 -0.00144458  -0.0006757 -0.00279526  0.0779883 -0.0286027  0.0428717   3.36828 0.0808947   -9.2122 
             98.0996 -18.3719  5.33161  45.6342  -0.168306   0.293256 -0.0896915 0 0 0   -0.011 -0.02329  0.04412    0.0135578 -0.000550457  -0.00480008  -0.00138494 -0.000690114  -0.00293397  0.0782421 -0.0287411  0.0429447   3.36817 0.0808266  -9.21224 
             98.1996 -18.279 5.23044 45.1382  -0.167307   0.287611 -0.0871305 0 0 0   -0.011 -0.02329  0.04412   0.0111151 -0.00835712  0.00216628  -0.00150802 -0.000725131  -0.00264115    0.07852 -0.0285129  0.0427605    3.3682 0.0807001  -9.21223 
             98.2996 -18.4951  5.36387  45.7136  -0.163079   0.291747 -0.0851039 0 0 0   -0.011 -0.02329  0.04412  0.0182419 0.00163597 0.00526608  -0.00137829 -0.000691771  -0.00295841  0.0782552 -0.0285156  0.0426064   3.36827 0.0808167  -9.21221 
             98.3995 -18.5264  5.37303  45.8796  -0.163145   0.291306 -0.0858784 0 0 0   -0.011 -0.02329  0.04412  0.0110932 0.00230144 -0.0010215   -0.0013642 -0.000669481  -0.00304459  0.0783286 -0.0285819  0.0426667   3.36822 0.0807978  -9.21222 
             98.4995 -18.4515  5.28479  45.6263 -0.168481  0.293458 -0.088547 0 0 0   -0.011 -0.02329  0.04412  0.00127301  0.00809399 -0.00843914  -0.00143601 -0.000674036   -0.0028845  0.0784718 -0.0289438  0.0427065   3.36806 0.0808263  -9.21228 
             98.5996 -18.5155  5.29939  45.3812  -0.169373   0.289091 -0.0891054 0 0 0   -0.011 -0.02329  0.04412   0.00115007 -0.000485912  -0.00687813  -0.00145217 -0.000736251  -0.00275783  0.0787195 -0.0288162  0.0427413   3.36805 0.0807047  -9.21228 
             98.6995 -18.712  5.3603 45.8598   -0.17229   0.289207 -0.0896432 0 0 0   -0.011 -0.02329  0.04412 -0.00197581 0.000297562 -0.00631259   -0.0013557 -0.000685485  -0.00299912  0.0788411 -0.0289298  0.0426527   3.36799 0.0807011  -9.21231 
             98.7995 -18.5872  5.19793  45.5605  -0.175178   0.290183 -0.0895437 0 0 0   -0.011 -0.02329  0.04412 -0.00559964 0.000116812 -0.00438262  -0.00148754 -0.000657509  -0.00278707  0.0789206 -0.0290532  0.0425164   3.36794 0.0807211  -9.21233 
             98.8996 -18.6758  5.28805  45.6378  -0.180003   0.284114 -0.0912411 0 0 0   -0.011 -0.02329  0.04412  -0.0131653 -0.00720701 -0.00620117  -0.00144465 -0.000693064  -0.00284872  0.0793024 -0.0290502  0.0426164   3.36785 0.0805734  -9.21236 
             98.9995 -18.7553  5.32588  45.8932  -0.182186   0.282962 -0.0914544 0 0 0   -0.011 -0.02329  0.04412  -0.0135469 -0.00852411 -0.00690085  -0.00138084 -0.000664109  -0.00298432  0.0793666 -0.0290641  0.0425597   3.36783 0.0805623  -9.21237 
             99.0996 -18.6719  5.33572  45.6461  -0.178487    0.28831 -0.0902674 0 0 0   -0.011 -0.02329  0.04412 -0.00408229  0.00670405  -0.0052185  -0.00142279 -0.000704352  -0.00285988  0.0789766 -0.0290194  0.0424266   3.36794 0.0807059  -9.21233 
             99.1995 -18.6364  5.30287  45.6348   -0.17814   0.287539 -0.0915886 0 0 0   -0.011 -0.02329  0.04412 -0.000811903   0.00574331   -0.0080079  -0.00143005 -0.000683229  -0.00285068  0.0789882 -0.0289571  0.0425261   3.36795 0.0806738  -9.21232 
             99.2995  -18.67 5.33134 45.6263  -0.174899   0.283502 -0.0890907 0 0 0   -0.011 -0.02329  0.04412  0.00532442 -0.00155762 -0.00157402  -0.00140844 -0.000694958  -0.00286015  0.0790903 -0.0286218  0.0423918   3.36805 0.0805821  -9.21229 
             99.3995 -18.7335  5.44974   45.893  -0.170631   0.289505 -0.0871052 0 0 0   -0.011 -0.02329  0.04412  0.0129811  0.0129251 0.00197067  -0.00134423 -0.000704515  -0.00302023  0.0787669 -0.0286188  0.0422067   3.36813 0.0807183  -9.21226 
             99.4995 -18.6945   5.3199  45.8945  -0.170851   0.291792 -0.0885936 0 0 0   -0.011 -0.02329  0.04412  0.0096173  0.0115211 -0.0043529  -0.00135863 -0.000631163  -0.00301061  0.0787547 -0.0287453   0.042281   3.36809 0.0807403  -9.21227 
             99.5995 -18.5994    5.324  45.5976  -0.173142    0.29168 -0.0897898 0 0 0   -0.011 -0.02329  0.04412  0.00402126   0.0142783 -0.00581739  -0.00142092 -0.000676001   -0.0028804  0.0789257 -0.0288425  0.0422881   3.36802 0.0807027   -9.2123 
             99.6995 -18.6712  5.29013  45.7918  -0.175296   0.287981 -0.0925208 0 0 0   -0.011 -0.02329  0.04412 -0.000514958   0.00381594   -0.0128198  -0.00136561 -0.000618504  -0.00300422 0.0791775 -0.028821 0.0424674   3.36797 0.0805875  -9.21232 
             99.7996 -18.6573  5.41213  45.8463  -0.175812   0.290812 -0.0926523 0 0 0   -0.011 -0.02329  0.04412 -0.00122509  0.00987173  -0.0115831  -0.00135749 -0.000662436  -0.00306497  0.0791331 -0.0288894  0.0423245   3.36796 0.0806375  -9.21232 
             99.8995 -18.6675  5.33218  45.7065  -0.177359   0.295057 -0.0932732 0 0 0   -0.011 -0.02329  0.04412 -0.00369111   0.0190277  -0.0103292  -0.00135144 -0.000639494  -0.00299615  0.0790806 -0.0290244  0.0422003  3.36793 0.080702 -9.21233 
             99.9996 -18.6454  5.32287  45.5853  -0.174476    0.29251 -0.0920403 0 0 0   -0.011 -0.02329  0.04412  0.00128702   0.0115743 -0.00643893  -0.00136497 -0.000650227  -0.00295546  0.0791587 -0.0287142  0.0421414   3.36802 0.0806158   -9.2123 
               100.1 -18.5351  5.25252  45.3671  -0.173981   0.288034 -0.0914068 0 0 0   -0.011 -0.02329  0.04412 0.00157009 0.00182369 -0.0049756  -0.00143404 -0.000644282  -0.00284464 0.0793773 -0.028497 0.0421146   3.36805 0.0804989  -9.21229 
             100.199 -18.6721  5.36891  45.8086  -0.174414   0.291073 -0.0899737 0 0 0   -0.011 -0.02329  0.04412    8.401e-05   0.00721309 -0.000806941 -0.00133751 -0.00062276 -0.00311104  0.0793344 -0.0285769  0.0418962   3.36804 0.0805605  -9.21229 
             100.299 -18.5811  5.31886  45.4437  -0.175643   0.288797 -0.0904558 0 0 0   -0.011 -0.02329  0.04412 -0.00171132  0.00456856 -0.00346436 -0.00140588 -0.00065439 -0.00292727 0.0794944 -0.028528 0.0419385  3.36802 0.080491  -9.2123 
               100.4 -18.6461  5.35997  45.6334  -0.173988   0.293764 -0.0910109 0 0 0   -0.011 -0.02329  0.04412  0.00326018   0.0135697 -0.00594433  -0.00136079 -0.000636076  -0.00303909  0.0792537 -0.0286076  0.0419281   3.36804 0.0805892  -9.21229 
             100.499 -18.5167  5.22506  45.2653  -0.176898   0.287634 -0.0935771 0 0 0   -0.011 -0.02329  0.04412 -0.00238662  0.00199499  -0.0119474  -0.00144538 -0.000629142  -0.00283518 0.0796256 -0.028532 0.0421178   3.36799 0.0804248  -9.21231 
             100.599 -18.5727  5.32674  45.5295  -0.173482   0.286779 -0.0922895 0 0 0   -0.011 -0.02329  0.04412  0.00566889 -0.00085191 -0.00735479  -0.00138695 -0.000627036  -0.00299637  0.0795678 -0.0283141  0.0420057   3.36807 0.0804116  -9.21228 
               100.7 -18.5892  5.33948  45.5591  -0.168997   0.285481 -0.0902409 0 0 0   -0.011 -0.02329  0.04412   0.0115081 -0.00121972 -0.00171561  -0.00136371 -0.000620377  -0.00302252  0.0795037 -0.0280682  0.0418748   3.36817 0.0803968  -9.21224 
             100.799 -18.5316  5.31185  45.3169  -0.165982   0.285003 -0.0892315 0 0 0   -0.011 -0.02329  0.04412   0.0162788 -0.00118455 0.000346081  -0.00140254 -0.000640412  -0.00291558  0.0794723 -0.0279595  0.0418144   3.36822 0.0803915  -9.21223 
               100.9 -18.4822  5.27946  45.1361  -0.165652   0.281497 -0.0886052 0 0 0   -0.011 -0.02329  0.04412   0.0124321 -0.00588846 0.000629899  -0.00143964 -0.000646987  -0.00283291  0.0796661 -0.0278889  0.0417767    3.3682 0.0803186  -9.21223 
             100.999 -18.4691  5.27169  45.0716  -0.167227   0.281134 -0.0894764 0 0 0   -0.011 -0.02329  0.04412  0.00616672 -0.00223302 -0.00228091  -0.00143315 -0.000650338   -0.0028055  0.0797616 -0.0280078  0.0417813   3.36814 0.0803129  -9.21225 
             101.099 -18.5113  5.33019  45.1269  -0.169993    0.28062 -0.0906633 0 0 0   -0.011 -0.02329  0.04412 0.000413377 -0.00266339 -0.00562816  -0.00141281 -0.000667595  -0.00284774  0.0798949 -0.0281477  0.0417808   3.36807 0.0803005  -9.21228 
             101.199 -18.5281  5.35931  45.3885  -0.175355   0.284253 -0.0917504 0 0 0   -0.011 -0.02329  0.04412   -0.010152   0.0101618 -0.00706771  -0.00138764 -0.000635884  -0.00299253  0.0799643 -0.0284773  0.0416474   3.36796 0.0803671  -9.21232 
               101.3 -18.5266  5.34864  45.3056  -0.170164   0.282001 -0.0882577 0 0 0   -0.011 -0.02329  0.04412 0.00262928   0.002094 0.00256209  -0.00139433 -0.000644898  -0.00294495  0.0799067 -0.0280581  0.0414827   3.36811 0.0803166  -9.21227 
               101.4 -18.5689  5.40111  45.4656  -0.167967   0.279855 -0.0871918 0 0 0   -0.011 -0.02329  0.04412 0.00506403 0.00128334 0.00235257  -0.00136193 -0.000640888  -0.00303861  0.0799349 -0.0278865  0.0414884   3.36816 0.0802701  -9.21225 
             101.499 -18.5014  5.28773   45.132  -0.171654   0.277333 -0.0899514 0 0 0   -0.011 -0.02329  0.04412 -0.00129353 -0.00300114 -0.00445318  -0.00141234 -0.000642724  -0.00284546  0.0801549 -0.0280173  0.0416749   3.36807 0.0802046  -9.21228 
               101.6 -18.5528  5.36463  45.3444 -0.173332  0.280042 -0.091205 0 0 0   -0.011 -0.02329  0.04412 -0.00630504  0.00578658 -0.00980269   -0.0013728 -0.000643532  -0.00296783  0.0801034 -0.0281872  0.0416543   3.36802 0.0802597   -9.2123 
             101.699 -18.5266  5.40391  45.1707  -0.171412   0.284879 -0.0904263 0 0 0   -0.011 -0.02329  0.04412  0.00256791   0.0192806 -0.00551938  -0.00139071 -0.000691838  -0.00288383  0.0798929 -0.0281881  0.0415022   3.36807 0.0803453  -9.21228 
               101.8 -18.5814   5.3284  45.3175   -0.17295    0.28528 -0.0914235 0 0 0   -0.011 -0.02329  0.04412 -0.00235513   0.0163485  -0.0088575  -0.00136473 -0.000625068  -0.00294775  0.0800025 -0.0282123  0.0415129   3.36804 0.0803149  -9.21229 
             101.899 -18.4859  5.28398  45.1297  -0.171148   0.288617 -0.0917674 0 0 0   -0.011 -0.02329  0.04412 -0.00162275   0.0252022  -0.0107239  -0.00142906 -0.000633653  -0.00284168  0.0798738 -0.0281581  0.0414887   3.36808 0.0803465  -9.21228 
             101.999 -18.4938  5.32992  45.3106  -0.171819   0.295126 -0.0905188 0 0 0   -0.011 -0.02329  0.04412 -0.000849501    0.0269372  -0.00346531  -0.00141595 -0.000622025  -0.00294471  0.0797851 -0.0282782  0.0412242   3.36808 0.0804332  -9.21228 
             102.099 -18.5635  5.38899  45.5289  -0.173773   0.291054 -0.0904867 0 0 0   -0.011 -0.02329  0.04412 -0.00566643   0.0186488 -0.00384127  -0.00135569 -0.000611694   -0.0030715  0.0801253 -0.0281162  0.0412445   3.36806 0.0802919  -9.21229 
               102.2 -18.5613  5.34636  45.3687   -0.17634   0.289817 -0.0931981 0 0 0   -0.011 -0.02329  0.04412 -0.00739206   0.0130109 -0.00973463  -0.00136842 -0.000617445  -0.00297748  0.0802844 -0.0281374  0.0414333   3.36801 0.0802234   -9.2123 
             102.299 -18.5709  5.36334  45.4811   -0.17919   0.293682 -0.0941354 0 0 0   -0.011 -0.02329  0.04412 -0.0129258  0.0197035 -0.0115845  -0.0013635 -0.00060224 -0.00303973  0.0802752 -0.0282983  0.0413358   3.36797 0.0802721  -9.21232 
             102.399 -18.5043  5.31685  45.2843  -0.173395   0.289418 -0.0921473 0 0 0   -0.011 -0.02329  0.04412   0.0027413  0.00911075 -0.00647262  -0.00140446 -0.000611465  -0.00292685  0.0802786 -0.0277487  0.0413193   3.36814 0.0801592  -9.21226 
               102.5 -18.471 5.22841 45.1731  -0.170168   0.290023 -0.0912613 0 0 0   -0.011 -0.02329  0.04412  0.00949679   0.0077897 -0.00376742  -0.00143749 -0.000579983  -0.00285335  0.0801883 -0.0276011  0.0412608    3.3682 0.0801636  -9.21223 
             102.599 -18.5205  5.29365   45.285  -0.167756   0.283922 -0.0907262 0 0 0   -0.011 -0.02329  0.04412   0.0110471 -0.00293743 -0.00383473  -0.00139799 -0.000594653  -0.00292539  0.0804011 -0.0272911  0.0413125   3.36826 0.0800289  -9.21222 
               102.7 -18.4463  5.18363  45.0466  -0.170101   0.281129 -0.0905947 0 0 0   -0.011 -0.02329  0.04412  0.00403782 -0.00991581 -0.00162261   -0.0014562 -0.000575919  -0.00278012 0.0806331 -0.027341  0.041225    3.3682 0.0799799  -9.21224 
             102.799 -18.6123  5.37161  45.6392  -0.164188   0.283122 -0.0884458 0 0 0   -0.011 -0.02329  0.04412   0.0131733 -0.00108112 0.000976076 -0.00132609 -0.00056922 -0.00312369  0.0803542 -0.0271658  0.0411061   3.36831 0.0800427   -9.2122 
             102.899 -18.5157  5.27825  45.2204  -0.16671  0.282599 -0.090326 0 0 0   -0.011 -0.02329  0.04412  0.00708319 -0.00230056 -0.00363924  -0.00140301 -0.000593352  -0.00288771  0.0804955 -0.0273382  0.0411837  3.36823 0.080026 -9.21223 
             102.999 -18.5522  5.32005  45.2667  -0.170227   0.283662 -0.0921302 0 0 0   -0.011 -0.02329  0.04412 -0.00217606  0.00465673 -0.00888087  -0.00138201 -0.000604406  -0.00292136  0.0805996 -0.0275635  0.0411818  3.36814 0.080041 -9.21226 
               103.1 -18.5658  5.35331  45.5613  -0.174806    0.28786 -0.0927697 0 0 0   -0.011 -0.02329  0.04412  -0.0107104   0.0108572 -0.00842588  -0.00136142 -0.000569085  -0.00307572 0.0806424 -0.027849 0.0410042  3.36805 0.080108 -9.21229 
               103.2 -18.5377   5.3295  45.4922  -0.175595   0.287925 -0.0937959 0 0 0   -0.011 -0.02329  0.04412 -0.00987976  0.00981291  -0.0103232  -0.00138164 -0.000565389  -0.00303956  0.0806634 -0.0278115  0.0410382   3.36806 0.0800901  -9.21229 
             103.299 -18.6249  5.31794  45.6869  -0.172007   0.287086 -0.0913247 0 0 0   -0.011 -0.02329  0.04412 -0.00142498    0.007558 -0.00316809 -0.00132103 -0.00052449 -0.00313745  0.0806088 -0.0274919  0.0408715   3.36817 0.0800623  -9.21225 
               103.4 -18.5822  5.40419  45.5111  -0.170456   0.289195 -0.0897033 0 0 0   -0.011 -0.02329  0.04412   0.0014079  0.00806134 0.000934963  -0.00136131 -0.000596917  -0.00306234  0.0805279 -0.0274385  0.0407226   3.36821 0.0800936  -9.21223 
             103.499 -18.5446  5.34587  45.4659  -0.169516   0.289461 -0.0893308 0 0 0   -0.011 -0.02329  0.04412   0.00295106    0.0122913 -0.000383341  -0.00138197 -0.000571875  -0.00302745  0.0805311 -0.0273739  0.0407167   3.36823 0.0800805  -9.21223 
             103.599 -18.5429  5.30014  45.2767  -0.165761   0.284172 -0.0887196 0 0 0   -0.011 -0.02329  0.04412    0.0123253  -0.00316176 -0.000248702   -0.0013971 -0.000580419  -0.00292112  0.0806415 -0.0270283  0.0408263   3.36831 0.0799664   -9.2122 
             103.699 -18.5571  5.29499  45.3894 -0.164344  0.285953 -0.087795 0 0 0   -0.011 -0.02329  0.04412    0.0101343    0.0044321 -0.000780154  -0.00138392 -0.000555449  -0.00297801  0.0805736 -0.0270583  0.0407178   3.36831 0.0800053   -9.2122 
               103.8 -18.5379  5.27881  45.2819  -0.166798   0.287642 -0.0899589 0 0 0   -0.011 -0.02329  0.04412  0.00578578  0.00728821 -0.00562573  -0.00140422 -0.000566518  -0.00291942  0.0806395 -0.0272715  0.0407939   3.36824 0.0800189  -9.21222 
             103.899 -18.5911  5.33539  45.4667   -0.16641   0.286908 -0.0900862 0 0 0   -0.011 -0.02329  0.04412  0.00189471  0.00426892 -0.00718003  -0.00137484 -0.000556299   -0.0030242  0.080702 -0.027222 0.0407676   3.36824 0.0799941  -9.21222 
                 104 -18.5607  5.30721  45.4909    -0.1666   0.285889 -0.0899093 0 0 0   -0.011 -0.02329  0.04412  0.00230288   0.0047318 -0.00508762  -0.00138406 -0.000539295  -0.00303396  0.0807947 -0.0271636  0.0407054   3.36824 0.0799634  -9.21222 
             104.099 -18.5383  5.30955   45.265  -0.167158   0.285594 -0.0910191 0 0 0   -0.011 -0.02329  0.04412 0.000583599  0.00142856 -0.00718083   -0.0014158 -0.000577279  -0.00291723  0.0808436 -0.0271889  0.0407412   3.36822 0.0799499  -9.21223 
             104.199 -18.5365  5.30002  45.4404  -0.168724   0.280562 -0.0896807 0 0 0   -0.011 -0.02329  0.04412 -0.00506342 -0.00525147 -0.00358634  -0.00140295 -0.000540834  -0.00300502  0.0811374 -0.0270344  0.0406033   3.36822 0.0798519  -9.21223 
             104.299 -18.6259  5.30247  45.5155  -0.173299   0.275513 -0.0924924 0 0 0   -0.011 -0.02329  0.04412 -0.0115439 -0.0156694  -0.009734  -0.00135468 -0.000528965  -0.00304577  0.0814246 -0.0270992  0.0407772   3.36814 0.0797618  -9.21226 
               104.4 -18.5542  5.30248  45.3861  -0.169824   0.279349 -0.0905748 0 0 0   -0.011 -0.02329  0.04412 -0.00410604 -0.00210343 -0.00557173  -0.00140459 -0.000548264  -0.00297656  0.0810929 -0.0270268  0.0405573   3.36823 0.0798681  -9.21223 
             104.499 -18.5226  5.31989  45.2921  -0.169984   0.284956 -0.0904865 0 0 0   -0.011 -0.02329  0.04412 -0.00162683  0.00937532 -0.00454069 -0.00142162  -0.0005736 -0.00292917  0.0808863 -0.0271906  0.0404237  3.36823 0.079974 -9.21223 
